ЦАО;Округ
САО;Округ
СВАО;Округ
ВАО;Округ
ЮВАО;Округ
ЮАО;Округ
ЮЗАО;Округ
ЗАО;Округ
СЗАО;Округ
ЗелАО;Округ
Авиамоторная;Метро
Автозаводская;Метро
Академическая;Метро
Алексеевская;Метро
Алма-Атинская;Метро
Алтуфьево;Метро
Андроновка;Метро
Аннино;Метро
Арбатская;Метро
Аэропорт;Метро
Бабушкинская;Метро
Багратионовская;Метро
Балтийская;Метро
Баррикадная;Метро
Бауманская;Метро
Беговая;Метро
Белокаменная;Метро
Белорусская;Метро
Беляево;Метро
Бибирево;Метро
Библиотека Ленина;Метро
Битцевский парк;Метро
Борисово;Метро
Боровицкая;Метро
Ботанический сад;Метро
Братиславская;Метро
Бульвар Адмирала Ушакова;Метро
Бульвар Дмитрия Донского;Метро
Бульвар Рокоссовского;Метро
Бунинская аллея;Метро
Бутырская;Метро
Варшавская;Метро
ВДНХ;Метро
Верхние Котлы;Метро
Владыкино;Метро
Водный стадион;Метро
Войковская;Метро
Волгоградский проспект;Метро
Волжская;Метро
Волоколамская;Метро
Воробьевы горы;Метро
Выставочная;Метро
Выставочный центр;Метро
Выхино;Метро
Деловой центр;Метро
Динамо;Метро
Дмитровская;Метро
Добрынинская;Метро
Домодедовская;Метро
Достоевская;Метро
Дубровка;Метро
Жулебино;Метро
ЗИЛ;Метро
Зорге;Метро
Зябликово;Метро
Измайлово;Метро
Измайловская;Метро
Калужская;Метро
Кантемировская;Метро
Каховская;Метро
Каширская;Метро
Киевская;Метро
Китай-город;Метро
Кожуховская;Метро
Коломенская;Метро
Комсомольская;Метро
Коньково;Метро
Коптево;Метро
Котельники;Метро
Красногвардейская;Метро
Краснопресненская;Метро
Красносельская;Метро
Красные Ворота;Метро
Крестьянская застава;Метро
Кропоткинская;Метро
Крылатское;Метро
Крымская;Метро
Кузнецкий мост;Метро
Кузьминки;Метро
Кунцевская;Метро
Курская;Метро
Кутузовская;Метро
Ленинский проспект;Метро
Лермонтовский проспект;Метро
Лесопарковая;Метро
Лихоборы;Метро
Локомотив;Метро
Лубянка;Метро
Лужники;Метро
Люблино;Метро
Марксистская;Метро
Марьина роща;Метро
Марьино;Метро
Маяковская;Метро
Медведково;Метро
Международная;Метро
Менделеевская;Метро
Минская;Метро
Митино;Метро
Молодежная;Метро
Мякинино;Метро
Нагатинская;Метро
Нагорная;Метро
Нахимовский проспект;Метро
Нижегородская;Метро
Новогиреево;Метро
Новокосино;Метро
Новокузнецкая;Метро
Новослободская;Метро
Новохохловская;Метро
Новоясеневская;Метро
Окружная;Метро
Октябрьская;Метро
Октябрьское поле;Метро
Орехово;Метро
Отрадное;Метро
Охотный ряд;Метро
Павелецкая;Метро
Панфиловская;Метро
Парк Культуры;Метро
Парк Победы;Метро
Партизанская;Метро
Первомайская;Метро
Перово;Метро
Петровско-Разумовская;Метро
Печатники;Метро
Пионерская;Метро
Планерная;Метро
Площадь Гагарина;Метро
Площадь Ильича;Метро
Площадь Революции;Метро
Полежаевская;Метро
Полянка;Метро
Пражская;Метро
Преображенская площадь;Метро
Пролетарская;Метро
Проспект Вернадского;Метро
Проспект Мира;Метро
Профсоюзная;Метро
Пушкинская;Метро
Пятницкое шоссе;Метро
Раменки;Метро
Речной вокзал;Метро
Рижская;Метро
Римская;Метро
Ростокино;Метро
Румянцево;Метро
Рязанский проспект;Метро
Савеловская;Метро
Саларьево;Метро
Свиблово;Метро
Севастопольская;Метро
Семеновская;Метро
Серпуховская;Метро
Славянский бульвар;Метро
Смоленская ;Метро
Сокол;Метро
Соколиная гора;Метро
Сокольники;Метро
Спартак;Метро
Спортивная;Метро
Сретенский бульвар;Метро
Стрешнево;Метро
Строгино;Метро
Студенческая;Метро
Сухаревская;Метро
Сходненская;Метро
Таганская;Метро
Тверская;Метро
Театральная;Метро
Текстильщики;Метро
Телецентр;Метро
Теплый Стан;Метро
Технопарк;Метро
Тимирязевская;Метро
Третьяковская;Метро
Тропарево;Метро
Трубная;Метро
Тульская;Метро
Тургеневская;Метро
Тушинская;Метро
Угрешская;Метро
Улица 1905 года;Метро
Улица Академика Королёва;Метро
Улица Академика Янгеля;Метро
Улица Горчакова;Метро
Улица Милашенкова;Метро
Улица Сергея Эйзенштейна;Метро
Улица Скобелевская;Метро
Улица Старокачаловская;Метро
Университет;Метро
Филевский парк;Метро
Фили;Метро
Фонвизинская;Метро
Фрунзенская;Метро
Хорошево;Метро
Хорошевская;Метро
Царицыно;Метро
Цветной бульвар;Метро
ЦСКА;Метро
Черкизовская;Метро
Чертановская;Метро
Чеховская;Метро
Чистые пруды;Метро
Чкаловская;Метро
Шаболовская;Метро
Шелепиха;Метро
Шипиловская;Метро
Шоссе Энтузиастов;Метро
Щелковская;Метро
Щукинская;Метро
Электрозаводская;Метро
Юго-Западная;Метро
Южная;Метро
Ясенево;Метро
