lenovo b560;1
lenovo g570;1
dell inspiron n5110;1
lenovo g580;1
lenovo g500;1
hp 625;1
asus k50ab;1
lenovo b590;1
lenovo g575;1
asus v2;1
apple macbook air;1
lenovo g555;1
lenovo g50 30;1
lenovo g50 45;1
hp 510;1
asus eee pc x101ch;1
asus k95vj;1
asus k53sv;1
lenovo g50 70;1
acer aspire one 531;1
asus n10;1
hp pavilion dv6000;1
asus x551ma;1
lenovo g710;1
asus k61ic;1
dell inspiron n5010;1
hp pavilion dv6 2019er;1
acer aspire 5520;1
dell 500;1
lenovo g780;1
asus x50z;1
toshiba satellite pro l630 140;1
asus x54h;1
hp 550;1
hp 620;1
asus k40ab;1
lenovo g565;1
acer aspire e5 572g 54vn;
asus x50n;
hp 2000 2d00sr;
hp probook 4510s;
asus u32u;
dell inspiron 5565;
lenovo b50 30;
lenovo g770;
asus a3h;
asus k50af;
asus k50ij;
asus k52f;
asus k52n;
asus x53s;
samsung r510;
samsung r530 jt03;
asus n550jv;
asus x75a;
hp probook 450 g3;
hp probook 4520s;
lenovo g510;
lenovo v580c;
acer aspire 7540g 504g50mi;
asus k51ac;
asus m50vm;
asus x66ic;
dell inspiron 6400;
hp compaq nx7400;
hp pavilion dv7 3050er;
lenovo g550;
lenovo ideapad s10;
toshiba satellite l855 c2m;
asus k52dr;
asus k73e;
asus x551ca;
hp 530;
hp 635;
hp 650;
lenovo g700;
lenovo ideapad 100 15;
asus eee pc 1001px;
asus eee pc 900;
asus k50in;
asus x50sl;
dell inspiron 1525;
lenovo c200;
toshiba satellite l655 19d;
asus k53e;
asus k55vd;
asus x501a;
dell inspiron 7567;
lenovo b50 45;
lenovo ideapad z580;
acer aspire v3 572g 52fh;
acer ferrari one;
asus a6r;
asus a7sv;
asus f3jc;
asus m50;
asus n10e;
asus w7s;
asus x50v;
dell inspiron 3162 0538;
dell xps 15;
hp pavilion 15 n005sr;
hp pavilion dv8;
lenovo b575;
samsung n110;
toshiba satellite l505 13t;
toshiba satellite p300 135;
asus eee pc x101h;
asus k52ju;
asus k55vj;
asus n550jk;
asus x54c;
asus x55vd;
dell inspiron 3162;
dell inspiron 3521;
hp 250 g2;
hp probook 4720s;
lenovo g50 80;
lenovo ideapad flex 10;
lenovo ideapad z500;
asus a52f;
asus f80l;
asus g1s;
asus x50vl;
asus x51l;
dell studio 1735;
hp 15 r161nr;
hp pavilion 17 f059sr;
hp pavilion dv6 6b54er;
hp pavilion dv9000;
lenovo thinkpad x1;
toshiba satellite l300 11q;
toshiba satellite p100 106;
acer aspire es1 731 p03f;
asus eee pc 1001pxd;
asus eee pc 1225b;
asus f3j;
asus k53sd;
asus k56cb;
asus n56jr;
asus x200ca;
asus x200ma;
dell inspiron 5720;
dell inspiron 7720;
dell vostro 5459;
dell vostro 5470;
hp 15 ba579ur;
hp elitebook 820 g3;
hp probook 430 g3;
hp probook 470 g3;
hp probook 4730s;
lenovo b50 10;
lenovo ideapad u400;
lenovo legion y520;
acer aspire 5560;
acer aspire 5720;
asus a9t;
asus eee pc 1005ha;
asus f3sa;
asus f5rl;
asus g2s;
asus k40in;
asus k52jr;
asus ul20a;
asus x401a;
asus x51r;
dell inspiron 1520;
dell inspiron 1570;
dell latitude e6410;
dell vostro 3350;
hp 15 ay048ur;
hp 15 r272ur;
hp compaq nx6310;
hp envy 15;
hp envy 17 j015sr;
hp envy 17 j121sr;
hp pavilion dv5 1168er;
hp pavilion dv6 3109er;
hp pavilion dv6640er;
lenovo ideapad s10 3c;
lenovo ideapad s10 3t;
lenovo ideapad z560;
samsung n145;
samsung r518;
samsung rv508;
sony vaio vgn sr19vrn;
toshiba qosmio f60 14j;
toshiba qosmio x500 123;
toshiba satellite a100 811;
toshiba satellite c660d a2k;
toshiba satellite l300 14x;
toshiba satellite l40 17t;
toshiba satellite l875 b6m;
asus eee pc 1015bx;
asus g53jw;
asus k55n;
asus lamborghini vx7;
asus n56dy;
asus n76vb;
asus r558uq;
asus x501u;
asus x550cc;
asus x550lc;
asus x550ze;
asus x55a;
dell inspiron 3537;
dell inspiron 3721;
dell inspiron 5737;
dell inspiron 7520;
hp 250 g4;
hp 250 g6;
hp 2510p;
hp 6715s;
hp elitebook 2540p;
hp elitebook 840 g1;
hp pavilion g6 2100;
hp probook 4530s;
hp probook 4540s;
hp probook 4545s;
hp probook 6450b;
hp probook 6555b;
lenovo b450;
lenovo b550;
lenovo g500s;
lenovo g560;
lenovo ideapad y470;
lenovo ideapad y510p;
lenovo ideapad z510;
lenovo m30 70;
lenovo thinkpad yoga 260;
sony vaio fit e svf1521f1r;
acer aspire 3680;
acer aspire 4310;
acer aspire 4736g 663g25mi;
acer aspire 5920;
acer aspire 7520;
acer aspire 9303wsmi;
acer aspire e5 571g 34bf;
acer aspire e5 571g 39tx;
acer aspire f5 573g 75q3;
acer aspire one 756 877b1bb;
acer aspire one d250;
acer aspire v3 571g 33124g50ma;
acer aspire v3 571g 53218g75maii;
acer aspire v5 552g 10578g50akk;
acer emachines g730g 373g50miks;
acer travelmate 2492wlmi;
acer travelmate 5720;
asus a52n;
asus a6g;
asus a6va;
asus a7m;
asus a8f;
asus eee pc 4g;
asus eee pc 901;
asus f5m;
asus f5n;
asus f80cr;
asus k50c;
asus k50ip;
asus k70ab;
asus k72f;
asus m9v;
asus n60dp;
asus n61vg;
asus ul80vt;
asus zenbook ux32a;
dell inspiron 1501;
dell inspiron 1545;
dell inspiron 1564;
dell inspiron m5010;
dell latitude d630;
dell studio 1535;
dell vostro 1014;
dell vostro 1710;
dell xps 12;
hp 15 g001sr;
hp 15 r151nr;
hp compaq nx6110;
hp envy dv6 7251er;
hp envy m6 1150er;
hp envy m6 1153er;
hp pavilion 15 b055sr;
hp pavilion 15 n206sr;
hp pavilion 17 f004sr;
hp pavilion dm3;
hp pavilion dv6 3125er;
hp pavilion g6 1216er;
hp pavilion g6 1341er;
hp touchsmart tm2 2050er;
lenovo thinkpad sl510;
lenovo thinkpad t500;
sony vaio vgn z11vrn;
toshiba qosmio f60 12j;
toshiba satellite a100 906;
toshiba satellite a210 16g;
toshiba satellite a300 1g5;
toshiba satellite c870 d8w;
toshiba satellite l300d 20m;
toshiba satellite l505 13u;
toshiba satellite l650d 16u;
toshiba satellite m100 179;
acer aspire e5 553g;
acer aspire e5 575g;
asus a42f;
asus b400v;
asus eee pc 1008p;
asus eee pc 1018p;
asus eee pc 1215n;
asus eee pc 701;
asus k42jc;
asus k43e;
asus k501lx;
asus k501ux;
asus k53sm;
asus k53u;
asus k551ln;
asus k750jb;
asus k75de;
asus k95vb;
asus n53da;
asus n53tk;
asus n55sf;
asus n56vb;
asus n56vz;
asus n750jk;
asus n76vz;
asus u24e;
asus x200la;
asus x201e;
asus x301a;
asus x502ca;
asus x540lj;
asus x550vc;
asus x551mav;
asus x553ma;
asus x553sa;
asus x555sj;
asus x751ldv;
asus x75vb;
asus x75vd;
asus zenbook ux32vd;
dell inspiron 3567;
dell inspiron 5368;
dell inspiron 5521;
dell inspiron 5537;
dell inspiron 5748;
dell inspiron 7559;
dell inspiron m5110;
hp 15 ba548ur;
hp 17 y009ur;
hp 250 g3;
hp 250 g5;
hp 255 g3;
hp 255 g5;
hp 630;
hp 655;
hp 6820s;
hp 6830s;
hp elitebook 840 g3;
hp mini 5103;
hp nc8000;
hp nx7300;
hp pavilion dv7 6000;
hp pavilion g6 2300;
hp probook 450 g2;
hp probook 4515s;
hp probook 4525s;
hp probook 4535s;
hp probook 4740s;
lenovo b50 70;
lenovo g455;
lenovo ideapad s110;
lenovo ideapad s510p;
lenovo ideapad u300s;
lenovo ideapad u510;
lenovo thinkpad edge e470;
lenovo thinkpad p40 yoga;
lenovo yoga 500 14;
lenovo yoga 500 15;
sony vaio vgn tx3xrp;
acer aspire 3630;
acer aspire 4720z;
acer aspire 5100;
acer aspire 5110;
acer aspire 5536g 623g25mi;
acer aspire 5551g n933g25misk;
acer aspire 5650;
acer aspire 5742g 374g50mikk;
acer aspire 7110;
acer aspire 9800;
acer aspire e1 531 b9604g50mnks;
acer aspire e3 111 c8vg;
acer aspire one 532h 28sw;
acer aspire one 722 c68bb;
acer aspire one 722 c6ckk;
acer aspire one d255 2bqkk;
acer aspire one d260;
acer aspire one d270 268blw;
acer aspire one zg5;
acer aspire v3 572g 38yd;
acer extensa 2508 p02w;
acer extensa 5210;
acer extensa ex2540 31jf;
acer travelmate 2350;
acer travelmate 2490;
acer travelmate 6460;
acer travelmate 6492;
asus a52ju;
asus a6j;
asus a6t;
asus a7j;
asus a7v;
asus a8jp;
asus a8sr;
asus eee pc 1003hag;
asus eee pc 1015ped;
asus eee pc 1201ha;
asus eee pc 1201n;
asus eee pc 1215b;
asus eee pc 1215p;
asus eee pc 904hd;
asus eee pc t101mt;
asus f3sr;
asus f3sv;
asus f5r;
asus f9e;
asus g71gx;
asus g71v;
asus k42dr;
asus k70ic;
asus k70io;
asus m50sv;
asus m51sr;
asus n53jf;
asus n53ta;
asus n61vn;
asus n71jq;
asus p50ij;
asus r2h;
asus u2e;
asus ul20ft;
asus ul30a;
asus v1s;
asus w2jc;
asus w5f;
asus x42j;
asus x51;
asus x51h;
asus x51rl;
asus x55s;
asus x58l;
asus x59sr;
asus x5daf;
asus x61s;
asus x73s;
asus x80l;
asus z53s;
asus z99;
asus z99h;
dell inspiron 1546;
dell inspiron n7010;
dell latitude d530;
dell latitude d531;
dell studio 14z;
dell studio 1558;
dell vostro 1000;
dell vostro 1220;
dell vostro 1700;
dell vostro v130;
dell xps 15 9560;
dell xps m1330;
dell xps m1530;
hp 15 d000sr;
hp 15 g070sr;
hp compaq 6830s;
hp compaq nc4200;
hp compaq nx6125;
hp compaq nx8220;
hp elitebook 2530p;
hp elitebook 2730p;
hp elitebook 8730w;
hp envy 17 j123sr;
hp envy dv6 7252er;
hp g62 a84er;
hp pavilion 15 n001sr;
hp pavilion 15 n063sr;
hp pavilion 15 n068sr;
hp pavilion 15 p165nr;
hp pavilion 15 p170nr;
hp pavilion 17 e004er;
hp pavilion 17 e016sr;
hp pavilion 17 f103nr;
hp pavilion dm3 1030er;
hp pavilion dv5 1164er;
hp pavilion dv5 1221er;
hp pavilion dv5 1240er;
hp pavilion dv6 3056er;
hp pavilion dv6 3107er;
hp pavilion dv6 3305er;
hp pavilion dv6 6029sr;
hp pavilion dv6 6176er;
hp pavilion dv6 6c05er;
hp pavilion dv6 6c55er;
hp pavilion dv6840er;
hp pavilion dv7 6052er;
hp pavilion dv7 6053er;
hp pavilion dv7 7006er;
hp pavilion g6 1027er;
hp pavilion g6 1106er;
hp pavilion g6 1205er;
hp pavilion g6 1305er;
hp pavilion g6 2012er;
lenovo g480;
lenovo g780 59343359;
lenovo ideapad g580;
lenovo ideapad s10 2;
lenovo ideapad s10 3;
lenovo ideapad u160;
lenovo ideapad y580;
lenovo ideapad z570;
lenovo thinkpad t60;
lenovo thinkpad t61p;
samsung p28;
samsung r520;
samsung rv510;
sony vaio vgn ar51mr;
sony vaio vgn fe21sr;
sony vaio vgn fz31er;
toshiba nb255 n250;
toshiba qosmio x770 107;
toshiba satellite a110 293;
toshiba satellite a300 15j;
toshiba satellite c660 1v9;
toshiba satellite c850 c1s;
toshiba satellite c850 c3s;
toshiba satellite c850 e3w;
toshiba satellite c870 dqk;
toshiba satellite l100 194;
toshiba satellite l300d 245;
toshiba satellite l500 1wp;
toshiba satellite l655 14c;
toshiba satellite l675d 111;
toshiba satellite l850d b1r;
toshiba satellite l850d c5w;
toshiba satellite p300 133;
toshiba satellite p50 a m8s;
toshiba satellite r830 13d;
acer extensa ex2540;
apple macbook pro 15 with retina display late 2016;
asus eee pc 1011cx;
asus eeebook x205ta;
asus f553ma;
asus g53sx;
asus g550jk;
asus g55vw;
asus g72gx;
asus g75vx;
asus k40af;
asus k45a;
asus k501uq;
asus k53br;
asus k53sj;
asus k53z;
asus k55dr;
asus k56cm;
asus k73by;
asus k750jn;
asus k75vj;
asus n53sm;
asus n551vw;
asus n76vj;
asus pro451ld;
asus pro5dip;
asus pro64d;
asus r540sa;
asus u30jc;
asus u41sv;
asus u43sd;
asus vivobook 15 x542uq;
asus vivobook max x541nc;
asus vivobook s300ca;
asus x44h;
asus x53e;
asus x540sa;
asus x54l;
asus x550dp;
asus x555ld;
asus x555lf;
asus x555lj;
asus x55u;
asus x751ld;
asus zenbook ux301la;
asus zenbook ux305la;
asus zenbook ux305ua;
dell adamo;
dell inspiron 3137;
dell inspiron 3147;
dell inspiron 3452;
dell inspiron 3552;
dell inspiron 3737;
dell inspiron 5378;
dell inspiron 5520;
dell inspiron 5570;
dell inspiron 7347;
dell inspiron 7537;
dell inspiron m5040;
dell inspiron n4050;
dell latitude d610;
dell latitude e6230;
dell latitude e6540;
dell vostro 1440;
dell vostro 3568;
dell xps 15z;
hp 15 ba526ur;
hp 15 bs029ur;
hp 255 g1;
hp 6530b;
hp 6720s;
hp 6730b;
hp omen 15 ce014ur;
hp pavilion dv6700;
hp pavilion dv7 4300;
hp pavilion g7 2000;
hp pavilion tx2500;
hp probook 430 g2;
hp probook 4330s;
hp probook 4340s;
hp probook 450 g0;
hp probook 455 g1;
hp probook 455 g4;
hp probook 6470b;
hp probook 6540b;
hp probook 6550b;
hp probook 6560b;
hp spectre xt pro;
lenovo b580;
lenovo g585;
lenovo ideapad 520 15;
lenovo ideapad flex 15;
lenovo ideapad flex 2 15;
lenovo ideapad flex 2 15d;
lenovo ideapad s100;
lenovo ideapad s205;
lenovo ideapad s215;
lenovo ideapad s400;
lenovo ideapad s415;
lenovo ideapad s415 touch;
lenovo ideapad u165;
lenovo ideapad u330p;
lenovo ideapad y460;
lenovo ideapad y510;
lenovo ideapad y560p;
lenovo ideapad y570;
lenovo ideapad z565;
lenovo ideapad z710;
lenovo thinkpad edge e545;
lenovo thinkpad edge e550;
lenovo thinkpad t410;
lenovo thinkpad t410i;
lenovo y70 70;
lenovo z51 70;
sony vaio vgn p21zr;
Huawei MediaPad X2;
Apple iPad 128Gb Wi-Fi;
Apple iPad 128Gb Wi-Fi Cellular;
Xiaomi MiPad 16GB;
Apple iPad Pro 128Gb Wi-Fi Cellular;
Apple iPad Pro 128Gb Wi-Fi;
Apple iPad 4 16Gb Wi-Fi;
Apple iPad 16Gb Wi-Fi;
Apple iPad 32Gb Wi-Fi;
Apple iPad mini 4 16Gb Wi-Fi;
Apple iPad Air 2 32Gb Wi-Fi;
Apple iPad 2 32Gb Wi-Fi;
Apple iPad mini 32Gb Wi-Fi;
Apple iPad mini 16Gb Wi-Fi;
Apple iPad mini 2 32Gb Wi-Fi;
Apple iPad Air 32Gb Wi-Fi;
Apple iPad 4 16Gb Wi-Fi Cellular;
HP Slate 10 HD;
HP Slate 7;
DELL Streak 5;
Huawei Mediapad T3 10 16Gb LTE;
Huawei Mediapad T3 10 16Gb;
Huawei MediaPad T1 7 3G 8Gb;
Huawei MediaPad T1 10 LTE 16Gb;
Huawei MediaPad 7 Vogue;
Huawei Ideos S7 Slim;
Huawei Ideos Tablet S7;
ASUS ZenPad 10 Z500KL 32Gb;
ASUS MeMO Pad HD 7 ME173X 16Gb;
ASUS ZenPad 10 Z300CG 2Gb 16Gb;
ASUS ZenPad 10 Z300M 16Gb;
ASUS ZenPad 10 Z301ML 32Gb;
ASUS Transformer Pad TF300TG 32Gb 3G;
ASUS Nexus 7 2013 32Gb;
ASUS ZenPad 10 Z300CNL 32Gb;
ASUS MeMO Pad 7 ME175CG 8Gb;
ASUS Nexus 7 32Gb 3G;
ASUS Fonepad 7 FE170CG 8Gb;
ASUS Nexus 7 2013 32Gb LTE;
ASUS MeMO Pad FHD 10 ME302KL 32Gb LTE;
ASUS MeMO Pad 7 ME70C 8Gb;
ASUS Nexus 7 32Gb;
ASUS Transformer Pad TF303CL 16Gb LTE;
ASUS Transformer Pad Infinity TF701T 32Gb;
Acer Aspire Switch 10 E 32Gb Z3735F DDR3;
Acer Iconia Talk S A1-724 16Gb;
Acer One 10 Z3735F 32Gb;
Acer Iconia Tab W511 64Gb;
Acer Iconia Tab W511 64Gb dock;
Acer Aspire Switch 10 32Gb Z3735F DDR3;
Toshiba AT10LE-A Excite Pro;
ASUS ZenPad 10 Z300CG 16Gb;
Acer Iconia One B1-730HD 16Gb;
Acer Aspire One 10 Z3735F 32Gb;
Acer Aspire P3-171 60Gb;
Apple iPad 64Gb Wi-Fi;
Apple iPad Air 16Gb Wi-Fi;
Acer Iconia Tab W501;
Acer Iconia Tab W500;
HP Stream 8;
HP Stream 7;
Apple iPad Pro 10 5 64Gb Wi-Fi;
Apple iPad 32Gb Wi-Fi Cellular;
Apple iPad Pro 10 5 64Gb Wi-Fi Cellular;
Apple iPad mini 4 128Gb Wi-Fi;
Apple iPad Pro 10 5 256Gb Wi-Fi;
Apple iPad Pro 10 5 256Gb Wi-Fi Cellular;
Apple iPad mini 4 128Gb Wi-Fi Cellular;
Apple iPad Pro 9 7 32Gb Wi-Fi;
Apple iPad Pro 12 9 2017 64Gb Wi-Fi;
Apple iPad Pro 9 7 32Gb Wi-Fi Cellular;
Apple iPad Air 2 16Gb Wi-Fi Cellular;
Apple iPad mini 4 32Gb Wi-Fi;
Apple iPad Pro 12 9 32Gb Wi-Fi;
Apple iPad Pro 12 9 2017 64Gb Wi-Fi Cellular;
Apple iPad mini 4 64Gb Wi-Fi;
Apple iPad Air 2 32Gb Wi-Fi Cellular;
Apple iPad Pro 12 9 256Gb Wi-Fi;
Apple iPad mini 4 64Gb Wi-Fi Cellular;
Apple iPad Pro 9 7 128Gb Wi-Fi;
Apple iPad Pro 9 7 128Gb Wi-Fi Cellular;
Apple iPad Pro 12 9 128Gb Wi-Fi;
Apple iPad mini 2 16Gb Wi-Fi;
Apple iPad mini 4 16Gb Wi-Fi Cellular;
Apple iPad 2 16Gb Wi-Fi;
Apple iPad Air 2 128Gb Wi-Fi Cellular;
Apple iPad mini 4 32Gb Wi-Fi Cellular;
Apple iPad mini 3 16Gb Wi-Fi;
Apple iPad Air 16Gb Wi-Fi Cellular;
Apple iPad mini 3 64Gb Wi-Fi;
Apple iPad mini 2 16Gb Wi-Fi Cellular;
Apple iPad mini 2 32Gb Wi-Fi Cellular;
Apple iPad 4 64Gb Wi-Fi Cellular;
Apple iPad Air 2 16Gb Wi-Fi;
Apple iPad 3 16Gb Wi-Fi;
Apple iPad Air 2 128Gb Wi-Fi;
Apple iPad 4 32Gb Wi-Fi;
Apple iPad 2010 16Gb Wi-Fi;
Apple iPad Air 32Gb Wi-Fi Cellular;
Apple iPad Air 2 64Gb Wi-Fi Cellular;
Apple iPad 2 16Gb Wi-Fi 3G;
Apple iPad mini 3 16Gb Wi-Fi Cellular;
Apple iPad Air 2 64Gb Wi-Fi;
Apple iPad 3 32Gb Wi-Fi Cellular;
Apple iPad mini 3 128Gb Wi-Fi;
Apple iPad 3 64Gb Wi-Fi;
Apple iPad mini 3 128Gb Wi-Fi Cellular;
Apple iPad 4 128Gb Wi-Fi;
Apple iPad 2 32Gb Wi-Fi 3G;
Apple iPad 2010 64Gb Wi-Fi;
Apple iPad mini 32Gb Wi-Fi Cellular;
Apple iPad 4 64Gb Wi-Fi;
Apple iPad 4 32Gb Wi-Fi Cellular;
Apple iPad Air 128Gb Wi-Fi;
Apple iPad 3 64Gb Wi-Fi Cellular;
Apple iPad 3 32Gb Wi-Fi;
Apple iPad mini 16Gb Wi-Fi Cellular;
Apple iPad mini 64Gb Wi-Fi Cellular;
Apple iPad mini 64Gb Wi-Fi;
Apple iPad 4 128Gb Wi-Fi Cellular;
Apple iPad mini 3 64Gb Wi-Fi Cellular;
Apple iPad 3 16Gb Wi-Fi Cellular;
Apple iPad Air 64Gb Wi-Fi;
Apple iPad 2010 64Gb Wi-Fi 3G;
Apple iPad Air 128Gb Wi-Fi Cellular;
Apple iPad Air 64Gb Wi-Fi Cellular;
Samsung Galaxy Tab A 10 1 SM-T585 16Gb;
Samsung Galaxy Tab A 7 0 SM-T285 8Gb;
Samsung Galaxy Tab A 8 0 SM-T355 16Gb;
Samsung Galaxy Tab S3 9 7 SM-T825 LTE 32Gb;
Samsung Galaxy Tab A 7 0 SM-T280 8Gb;
Samsung Galaxy Tab 2 10 1 P5100 16Gb;
Samsung Galaxy Tab 4 10 1 SM-T531 16Gb;
Samsung Galaxy Tab S 10 5 SM-T805 16Gb;
Samsung Galaxy Tab 3 7 0 SM-T211 8Gb;
Samsung Galaxy Note 10 1 N8000 32Gb;
Samsung Galaxy Tab 2 10 1 P5110 16Gb;
Samsung Galaxy Note 10 1 N8000 16Gb;
Samsung ATIV Smart PC XE500T1C-A02 64Gb;
Samsung Galaxy Tab 3 10 1 P5200 16Gb;
Samsung ATIV Smart PC Pro XE700T1C-G01 128Gb 3G dock;
Samsung ATIV Smart PC XE500T1C-H01 64Gb 3G dock;
Samsung Galaxy Note 10 1 N8000 64Gb;
Samsung Galaxy Tab 3 10 1 P5210 16Gb;
Samsung ATIV Smart PC Pro XE700T1C-A0A 128Gb dock;
Samsung ATIV Smart PC Pro XE700T1C-A02 128Gb dock;
Samsung Galaxy Tab P1010 16Gb;
HP Pro Slate 10 Tablet 16Gb;
HP Pavilion X2 Z3736F 32Gb;
HP Elite x2 1012 m7 256Gb;
HP Elite x2 1011 128Gb;
HP TouchPad 16Gb;
HP 10 Plus;
HP Omni 10;
HP Pro Tablet 10 16Gb;
HP TouchPad 32Gb;
HP Pavilion x2 12 128Gb;
HP Slate 500;
HP Envy 8 Note 32Gb keyboard;
HP Pro x2 612 i5 256Gb;
HP Envy 8 Note 32Gb;
HP Slate 2;
DELL XPS 10 Tablet 32Gb dock;
DELL Latitude 7285 i5 8Gb 256Gb WiFi;
DELL Latitude 11 256Gb 4G;
DELL Venue 8 Pro 64Gb;
DELL Venue 8 Pro 32Gb;
DELL Latitude 11 128Gb;
DELL Latitude 7285 i5 8Gb 256Gb LTE;
DELL Latitude 11 256Gb;
DELL XPS 10 Tablet 32Gb;
DELL Venue 11 Pro 64Gb;
DELL Venue 7 16Gb 3G;
DELL Venue 11 Pro i5 128Gb;
DELL Latitude 11 128Gb 4G;
DELL Venue 11 Pro i3 128Gb 3G;
DELL Venue 8 16Gb;
DELL Venue 7 16Gb;
DELL Venue 11 Pro i5 256Gb;
DELL XPS 10 Tablet 64Gb;
DELL Latitude 7285 i5 8Gb 256Gb LTE keyboard;
DELL Venue 8 32Gb;
DELL Venue 11 Pro 64Gb 3G;
DELL Streak 7 16Gb 3G;
DELL Venue 8 32Gb 3G;
DELL Streak 7 16Gb;
DELL Venue 8 Pro 64Gb 3G;
DELL Venue 11 Pro i3 128Gb;
DELL Latitude ST 128Gb;
Xiaomi MiPad 2 64Gb;
Xiaomi MiPad 3 64Gb;
Xiaomi MiPad 2 Windows Edition 64Gb;
Xiaomi MiPad 2 16Gb;
Xiaomi MiPad 64GB;
Huawei Mediapad T3 8 0 16Gb LTE;
Huawei MediaPad M3 Lite 10 32Gb LTE;
Huawei MediaPad M3 8 4 64Gb LTE;
Huawei MediaPad M3 Lite 8 0 16Gb LTE;
Huawei MediaPad M3 8 4 32Gb LTE;
Huawei Mediapad T3 7 0 16Gb 3G;
Huawei Mediapad T2 7 0 8Gb LTE;
Huawei MediaPad T1 7 3G 16Gb;
Huawei Mediapad T3 10 32Gb LTE;
Huawei MediaPad M3 Lite 10 16Gb;
Huawei MediaPad M3 Lite 10 16Gb LTE;
Huawei Mediapad T3 8 0 16Gb;
Huawei Mediapad T3 7 0 16Gb;
Huawei MediaPad T1 10 LTE 8Gb;
Huawei MediaPad M2 10 0 LTE 64Gb;
Huawei MediaPad X2 32Gb;
Huawei Mediapad T3 7 Kids 8Gb WiFi;
Huawei MediaPad 10 FHD 8Gb 3G;
Huawei MediaPad 7 Lite Wi-Fi;
Huawei MediaPad 7 Youth 8Gb;
Huawei MediaPad 7 Lite 3G;
Huawei MediaPad 10 Link 16Gb 3G;
Huawei MediaPad 10 FHD 8Gb Wi-Fi;
Huawei MediaPad 10 FHD 16Gb LTE;
Huawei MediaPad 10 Link 16Gb Wi-Fi;
Huawei MediaPad M1 8 0 3G;
Huawei MediaPad X2 16Gb;
Huawei MediaPad 10 Link 16Gb LTE;
Huawei MediaPad 10 Link WiFi;
Huawei MediaPad 10 Link 8Gb 3G;
Huawei MediaPad 7 Classic;
Huawei MediaPad 10 FHD 16Gb 3G;
Huawei MediaPad M3 Lite 10 64Gb;
Huawei MediaPad 10 FHD 32Gb LTE;
Huawei MediaPad 10 Link 3G;
Huawei MediaPad M3 Lite 10 64Gb LTE;
Huawei MediaPad 10 Link LTE;
Huawei Mediapad T3 10 32Gb;
HTC Nexus 9 32Gb LTE;
HTC EVO View 4G;
HTC Flyer Wi-Fi 3G 32Gb;
ASUS ZenPad 10 Z301ML 16Gb;
ASUS ZenPad C 7 0 Z170CG 16Gb;
ASUS ZenPad 8 Z380KNL 1Gb 16Gb;
ASUS ZenPad 10 Z300CG 1Gb 8Gb;
ASUS Transformer Book T101HA 4Gb 128Gb dock;
ASUS ZenPad 10 Z301MFL 16Gb;
ASUS ZenPad 10 Z301MFL 32Gb;
ASUS ZenPad 10 Z301M 32Gb;
ASUS ZenPad 10 Z500M 64Gb;
ASUS ZenPad 10 Z300CNG 16Gb;
ASUS Transformer Mini T102HA 4Gb 64Gb;
ASUS ZenPad 10 Z300CG 1Gb 16Gb;
ASUS Transformer Book T100TAF 32Gb dock;
ASUS Transformer Mini T103HAF 4Gb 128Gb;
ASUS ZenPad 8 0 Z380KL 16Gb;
ASUS ZenPad 10 Z301MF 32Gb;
ASUS VivoTab Note 8 M80TA 64Gb;
ASUS Transformer Book T100HA 4Gb 128Gb dock;
ASUS Transformer Book T100TAL 32Gb dock;
ASUS MeMO Pad 10 ME102A 16Gb;
ASUS ZenPad 10 Z300C 8Gb;
ASUS ZenPad 10 Z300CNL 16Gb;
ASUS ZenPad C 7 0 Z170C 8Gb;
ASUS Nexus 7 8Gb;
ASUS Transformer Book T100TAL 64Gb dock;
ASUS Nexus 7 16Gb;
ASUS Nexus 7 2013 16Gb;
ASUS MeMO Pad ME172V 16Gb;
ASUS MeMO Pad 8 ME581CL 32Gb;
ASUS ZenPad 10 Z300C 16Gb;
ASUS Transformer Book T100HA 2Gb 32Gb dock;
ASUS MeMO Pad 7 ME572CL 32Gb;
ASUS Fonepad ME371MG 16Gb;
ASUS Fonepad 8 FE380CXG 8Gb;
ASUS Fonepad ME371MG 32Gb;
ASUS Transformer Book T100TA 64Gb dock;
ASUS Transformer Pad TF103CG 8Gb;
ASUS Eee Slate EP121;
ASUS Transformer Pad TF103CG 8Gb dock;
ASUS Transformer Pad TF300TG 32Gb 3G dock;
ASUS Transformer Pad TF300TL 16Gb LTE;
ASUS Fonepad ME372CG 8Gb;
ASUS VivoTab Note 8 M80TA 32Gb;
ASUS VivoTab RT TF600T 64Gb;
ASUS VivoTab RT TF600TG 32Gb 3G;
ASUS Fonepad 8 FE380CG 16Gb;
ASUS MeMO Pad 8 ME581CL 16Gb;
ASUS Transformer Pad TF103C 16Gb;
ASUS Transformer Pad TF300TG 16Gb 3G dock;
ASUS Fonepad ME372CG 16Gb;
ASUS Transformer Pad Infinity TF700T 64Gb;
ASUS Transformer Pad TF300T 32Gb;
ASUS Transformer Pad TF300T 32Gb dock;
ASUS ZenPad 10 Z301MF 16Gb;
ASUS MeMO Pad 7 ME170C 8Gb;
ASUS Transformer 3 T303UA i7 6500U 16Gb 512Gb;
ASUS Transformer Pad Infinity TF700T 32Gb;
ASUS VivoTab TF810ะก 64Gb dock;
ASUS Transformer Pad Prime TF201 32Gb;
ASUS ZenPad 10 ZD300CL 16Gb;
ASUS Transformer Pad TF300TG 16Gb 3G;
ASUS VivoTab RT TF600T 64Gb dock;
ASUS Transformer Pad TF300T 16Gb;
ASUS VivoTab Smart ME400C 64Gb;
ASUS MeMO Pad 7 ME176CX 16Gb;
ASUS VivoTab RT TF600T 32Gb;
ASUS MeMO Pad Smart ME301T 16Gb;
ASUS Transformer Pad TF300TL 16Gb LTE dock;
ASUS Fonepad ME372CL 16Gb;
ASUS Transformer Pad TF103CG 16Gb;
ASUS ZenPad 10 Z300CL 32Gb;
ASUS VivoTab Smart ME400CL 64Gb LTE;
ASUS MeMO Pad HD 7 ME173X 8Gb;
ASUS Transformer Pad Infinity TF700KL 64Gb 4G;
ASUS VivoTab TF810ะก 64Gb;
ASUS MeMO Pad FHD 10 ME302C 16Gb;
ASUS Transformer Book T100HA 2Gb 64Gb dock;
ASUS MeMO Pad 7 ME375CL 16Gb;
ASUS Transformer Pad Infinity TF700T 64Gb dock;
ASUS Transformer Pad TF103CG 16Gb dock;
ASUS Fonepad 8 FE380CG 8Gb;
ASUS Eee Pad Transformer TF101 16Gb;
ASUS MeMO Pad 7 ME572C 16Gb;
ASUS Fonepad 7 FE171CG 16Gb;
ASUS MeMO Pad FHD 10 ME302C 32Gb;
ASUS MeMO Pad FHD 10 ME302KL 16Gb LTE;
ASUS MeMO Pad 7 ME572CL 16Gb;
ASUS ZenPad 10 Z301M 16Gb;
ASUS Fonepad ME373CG 16Gb;
ASUS Eee Slate B121;
ASUS Transformer Pad TF303CL 16Gb LTE dock;
ASUS VivoTab RT TF600TG 32Gb 3G dock;
ASUS Fonepad 7 FE170CG 4Gb;
ASUS ZenPad 10 ZD300CL 32Gb;
ASUS Eee Pad Transformer TF101 32Gb;
ASUS Transformer Book T101HA 2Gb 32Gb dock;
ASUS Transformer Pad Prime TF201 64Gb;
ASUS Fonepad 7 FE375CXG 8Gb;
ASUS MeMO Pad 10 ME103K 16Gb;
ASUS Transformer Pad Infinity TF701T 32Gb dock;
ASUS MeMO Pad 7 ME176CX 8Gb;
ASUS Eee Pad Transformer TF101G 32Gb 3G;
ASUS Transformer Pad TF103C 16Gb dock;
Acer Switch One 10 Z8300 32Gb;
Acer Switch One 10 Z8300 32Gb HDD 500Gb;
Acer Iconia Talk B1-723 16Gb;
Acer Iconia One B1-850 16Gb;
Acer Iconia One B1-780 16Gb;
Acer Aspire Switch 10 E z8300 32Gb HDD 500Gb;
Acer Iconia Tab W3-810 32Gb;
Acer Iconia One B3-A30 16Gb;
Acer Aspire Switch 10 V 32Gb;
Acer Predator 8 GT-810 32Gb;
Acer One 10 Z3735F 32Gb HDD 500Gb;
Acer Aspire Switch 10 V 64Gb;
Acer Iconia Talk S A1-734 16Gb;
Acer Iconia Tab A100 8Gb;
Acer Switch One 10 Z8300 64Gb;
Acer Aspire Switch 10 E z8300 32Gb;
Acer Iconia Tab A500 16Gb;
Acer Iconia Tab A510 32Gb;
Acer Iconia Tab A210 16Gb;
Acer Iconia Tab B1-721 16Gb;
Acer Iconia One B3-A30 32Gb;
Acer Iconia Tab A200 32Gb;
Acer Iconia Tab W701 i3 60Gb;
Acer Iconia Tab A200 16Gb;
Acer Iconia Tab W700 64Gb;
Acer Iconia Tab A3-A30 32Gb;
Acer Iconia Talk B1-733 16Gb;
Acer Iconia Tab W701 120Gb;
Acer Iconia Tab B1-710 16Gb;
Acer Iconia Tab W701 i3 60Gb dock;
Acer Switch V 10 4Gb 64Gb;
Acer Iconia Tab W4-821 64Gb;
Acer Iconia Tab A500 32Gb;
Acer Iconia Tab A211 16Gb;
Acer Iconia Tab W701 i5 60Gb dock;
Acer Iconia Tab B1-A71 16Gb;
Acer Iconia Tab A701 32Gb;
Acer Iconia Tab W500P;
Acer Iconia Tab B1-710 8Gb;
Acer Iconia Tab A500 64Gb;
Acer Iconia Tab A3-A11 32Gb;
Acer Iconia Tab W701 i5 60Gb;
Acer Iconia Tab A1-811 8Gb;
Acer Iconia Tab A3-A20 32Gb;
Acer Iconia Tab A3-A40 32Gb;
Acer Iconia Tab B1-711 16Gb;
Acer Iconia Tab A3-A20FHD 32Gb;
Acer Iconia Tab A1-810 8Gb;
Acer Iconia Tab W500 dock;
Acer Iconia Tab W701 120Gb dock;
Acer Iconia Tab 7 A1-713HD 16Gb;
Acer Iconia One B3-A40 16Gb;
Acer Iconia Tab A1-841 16Gb;
Acer Iconia Tab A501 32Gb;
Acer Aspire Switch 11 32Gb Z3745;
Acer Iconia Tab W500P dock;
Acer Iconia Tab A511 32Gb;
Acer Iconia Tab A3-A11 16Gb;
Toshiba Excite Write;
Toshiba Satellite Click mini;
Toshiba dynaPad WT12PE-A64;
Toshiba WT310-108;
Toshiba AT300-101;
Toshiba AT10-A Excite Pure;
Toshiba Satellite Click 10 64Gb;
Sony Xperia Z3 Tablet Compact 16Gb LTE;
Sony Xperia Z4 Tablet 32Gb WiFi;
Sony Xperia Z4 Tablet 32Gb LTE;
Sony Xperia Z2 Tablet 16Gb 4G;
Sony Xperia Z3 Tablet Compact 16Gb WiFi;
Sony Xperia Tablet Z 16Gb;
Sony Xperia Z2 Tablet 16Gb WiFi;
Sony Xperia Tablet Z 16Gb LTE;
Sony Xperia Z4 Tablet 32Gb LTE keyboard;
Sony Xperia Tablet Z 32Gb;
Sony Xperia Tablet S 64Gb 3G;
Sony Xperia Tablet S 16Gb 3G;
Sony Xperia Tablet S 32Gb;
Sony Tablet S 16Gb;
Sony Xperia Tablet Z 32Gb LTE;
Sony Xperia Tablet S 64Gb;
Sony Tablet P 4Gb;
Sony Xperia Tablet S 16Gb;
Sony Tablet S 16Gb 3G;
Sony Tablet S 32Gb;
Samsung Nexus 10 16Gb;
Samsung Galaxy TabPro S 128Gb LTE;
Huawei MediaPad 7 Youth 8Gb 3G;
HP Pro x2 612 256Gb;
HP Pro x2 612 256Gb 4G;
HP Pro x2 612 180Gb;
HP Elite x2 256Gb;
HP Elite x2 1012 256Gb;
ASUS ZenPad 10 Z300CG 8Gb;
ASUS Transformer Pad TF0310C-A1-BK 16Gb;
ASUS Transformer Book T100TA-DK002H 32Gb dock;
ASUS Transformer 3 T305CA 4Gb 256Gb;
Apple iPad Pro 32Gb Wi-Fi;
Apple iPad 32Gb Wi-Fi 3G;
Apple iPad mini with Retina display 32Gb Wi-Fi Cellular;
Apple iPad mini with Retina display 32Gb Wi-Fi;
Apple iPad mini with Retina display 16Gb Wi-Fi Cellular;
Apple iPad mini with Retina display 16Gb Wi-Fi;
Apple iPad 64Gb Wi-Fi 3G MC497LL;
Apple iPad 16Gb Wi-Fi 3G;
Apple iPad 16Gb Wi-Fi MB292LL;
Acer Iconia Tab W501 dock;
Acer Iconia Tab W4-820 32Gb;
Acer Iconia Tab W1-810 32Gb;
Acer Iconia Tab A501 16Gb;
Acer Iconia Tab A1-713 16Gb;
Acer Iconia One B1-810 8Gb;
Acer Switch One 10 Z8300 532Gb;
Acer Iconia Tab W701 64Gb;
Acer Iconia Tab W511 32Gb dock;
Acer Iconia Tab W510 64Gb;
Acer Iconia Tab W510 32Gb dock;
Acer Iconia Tab W501 32Gb;
Acer Iconia Tab W500 32Gb;
Acer Iconia Tab W3-810 64Gb;
Acer Iconia Tab A701 64Gb;
Acer Iconia Tab A1-811 16Gb;
Acer Iconia Tab A101 8Gb;
Acer Iconia One B1-730 8Gb;
Acer Aspire Switch 10 E z8300 64Gb;
Acer Aspire P3-171 i5 120Gb;
Apple iPad 2 64Gb Wi-Fi 3G;
Huawei MediaPad M3 Lite 10 32Gb;
Apple iPad 64Gb Wi-Fi 3G;
ASUS Transformer 3 T305CA 8Gb 512Gb;
Apple iPad 2 64Gb Wi-Fi;
ASUS Transformer Mini T103HAF 4Gb 64Gb;
ASUS Transformer 3 T305CA 8Gb 256Gb;
HP x2 10 Z8350 4Gb 64Gb;
ASUS Transformer Mini T102HA 4Gb 128Gb;
ASUS Transformer Book T101HA 4Gb 64Gb dock;
ASUS Transformer Book T100TA 32Gb dock;
Acer Iconia Tab W511 32Gb;
HP Pavilion X2 Home 32Gb;
Huawei Matebook 128Gb;
ASUS Transformer 3 T303UA i5 8Gb 256Gb;
Samsung Galaxy Tab P1000 16Gb;
ASUS Transformer 3 T305CA 4Gb 128Gb;
Huawei Matebook 256Gb;
Xiaomi Redmi 4;1
Samsung Galaxy S8;1
Xiaomi Redmi 3;1
Samsung Galaxy S7;1
Samsung Galaxy S6;1
Sony Xperia Z3;1
ASUS ZenFone 2;1
Sony Xperia Z1;1
Samsung Galaxy S7 Edge;1
Xiaomi Redmi 3 Pro;1
Samsung Galaxy A5;1
Meizu M3 Note;1
Xiaomi Redmi Note 4X;1
Xiaomi Redmi Note 3 Pro;1
Meizu M5;1
Sony Xperia Z3 Compact;1
Xiaomi mi5;1
Samsung Galaxy S6 Edge;1
Sony Xperia Z1 Compact;1
HTC One M8;1
Samsung Galaxy A3;1
Xiaomi Redmi 4 Pro;1
Samsung Galaxy S5;1
Asus ZenFone 3;1
Samsung Galaxy J3;1
ASUS ZenFone Max;1
Huawei Nova;1
Samsung Galaxy J5;1
Samsung Galaxy J1;1
Samsung Galaxy A5 2016;1
Meizu M3S;1
Huawei P10;1
Sony Xperia Z2;1
Samsung Galaxy S8 Plus;1
Xiaomi mi 2;1
Xiaomi RedMi 3S;1
HTC One M7;1
Xiaomi Mi4;1
Samsung Galaxy J7;1
HTC One X;1
Xiaomi Redmi 4A;1
Huawei P9;1
Meizu U10;1
Meizu M5 Note;1
HTC One mini;1
Samsung Galaxy A3 2016;1
Huawei P8;1
Samsung Galaxy A5 2017;1
Meizu Pro 6;1
ASUS Zenfone 5;1
Meizu M5S;1
Lenovo A536;1
Meizu M2 Note;1
Samsung Galaxy A7;1
Huawei P10 Lite;1
Meizu M2 mini;1
Sony Xperia Z5;1
ASUS ZenFone 2 ZE500KL;1
ASUS Zenfone 4;1
HTC One Dual Sim;1
Huawei Honor 8;1
Xiaomi Redmi 2;1
Lenovo P780;1
Lenovo P70;1
Samsung Galaxy Note 4;1
ASUS ZenFone Go;1
Samsung Galaxy Note 8;1
Huawei P8 Lite;1
Lenovo A1000;1
Lenovo S850;1
Samsung Galaxy Grand Prime;1
Xiaomi Mi4c;1
Lenovo Vibe Shot;1
iPhone 2G;1
Xiaomi Mi6;1
Xiaomi Redmi 5A;1
Xiaomi Mi A1;1
Xiaomi Redmi Note 2;1
Lenovo S60;1
HTC One mini 2;1
Sony Xperia M2;1
Lenovo A6010;1
HTC One M9;1
HTC One S;1
iPhone 3GS;1
Lenovo A2010;1
Huawei P9 Lite;1
Samsung Galaxy J1 2016;1
Xiaomi Mi Max 2;1
Samsung Galaxy J2;1
Samsung Galaxy J7 2017;1
Lenovo A5000;1
Samsung Galaxy J3 2016;1
Xiaomi Mi5s;1
HTC Desire 526G;1
Meizu U20;1
iPhone 3G;1
ASUS Zenfone 4 Max;1
Huawei Honor 4c;1
Samsung Galaxy Core;1
Acer Liquid;1
Meizu Pro 7;1
Huawei Nova 2;1
Meizu M6;1
Samsung Galaxy J5 2017;1
Lenovo S820;1
Samsung Galaxy J2 Prime;1
Samsung Galaxy J5 Prime;1
Huawei Y5;1
Samsung Galaxy S5 mini;1
Sony Xperia Z5 Compact;1
Lenovo A319;1
Huawei Honor Pro;1
Lenovo K3;1
HTC Desire 628;1
Sony Xperia M4 Aqua;1
Huawei Honor 6;1
Xiaomi mi Pro;1
HTC Desire 620G;1
Sony Xperia ZR;1
Samsung Galaxy J1 Mini;1
Meizu M5c;1
Xiaomi Mi2S;1
HTC Desire 816;1
Lenovo S660;1
Lenovo K3 Note;1
Samsung Galaxy Note 5;1
Lenovo Vibe X2;1
ASUS Zenfone 3 Max ZC520TL;1
HTC Desire 526G Dual Sim;1
Meizu M3s mini;1
HTC Desire 600;1
Sony Xperia XA1;1
Samsung Galaxy Alpha;1
Lenovo A328;1
Sony Xperia M5;1
Huawei Y3 2017;1
Meizu Pro 5;1
Samsung Galaxy A3 2017;1
HTC Desire 626;1
HTC Desire 500;1
Samsung Galaxy A7 2016;1
Lenovo A859;1
Lenovo P2;1
Lenovo S860;1
Lenovo S580;1
Sony Xperia C4;1
Sony Xperia E5;1
Samsung Galaxy J5 2016;1
Samsung Galaxy A7 2017;1
HTC Desire 310;1
Sony Xperia S;1
Lenovo K900;1
HTC One V;1
Sony Xperia Z Ultra;1
Huawei GR3;1
Huawei Honor 8 Lite;1
Meizu M6 Note;1
Huawei Y6;1
Huawei Nova 2i;1
Asus ZenFone 6;1
Xiaomi Mi 4;1
Samsung Galaxy J3 2017;1
Lenovo K6;1
Sony Xperia C3;1
Sony Xperia Z C6603;1
Huawei Honor 6C;1
iPhone 5SE;1
Huawei Honor 4C Pro;1
Xiaomi Mi3;1
HTC Desire X;1
Xiaomi Mi Note 2;1
Huawei Honor 9;1
Meizu MX4 Pro;1
Sony Xperia Z3 Dual;1
Samsung Galaxy Grand 2;1
Samsung Galaxy J7 2016;1
HTC Wildfire;1
Sony Xperia V;1
HTC Desire 600 Dual Sim;1
Huawei Mate 9;1
Meizu m1 note;1
Sony Xperia SP;1
HTC Desire 601;1
Lenovo A7000;1
Xiaomi Redmi 4X 32Gb;1
ASUS Zenfone Selfie;1
Lenovo Vibe S1;1
Sony Xperia XA Dual;1
Xiaomi mi 3;1
HTC Desire 700;1
Huawei Y7;1
Sony Xperia ZL;1
Samsung Galaxy S4 I9500;1
HTC Desire SV;1
HTC Wildfire S;1
Huawei Mate 8;1
ASUS Zenfone 2 Laser ZE550KL;1
Huawei Honor 7;1
Sony Xperia XA Ultra;1
HTC Desire 300;1
HTC One E8;1
Huawei Y5 II;1
Lenovo Vibe P1m;1
HTC Desire 620G dual sim;1
HTC Desire 626G Dual Sim;1
Lenovo Vibe P1;1
Samsung Galaxy A8;1
Huawei G700;1
Lenovo S8;1
Lenovo A316i;1
Sony Xperia C5 Ultra;1
HTC One E9s;1
Huawei Honor 5C;1
Sony Xperia E4;1
Sony Xperia M4 Aqua Dual;1
ASUS Zenfone 4 Max ZC554KL;1
Samsung Galaxy Core Prime;1
HTC Desire 820;1
Lenovo A6000;1
Lenovo S650;1
Sony Xperia E3;1
Sony Xperia T3;1
Lenovo Vibe Z2;1
Xiaomi Redmi 4 Prime;1
ASUS Padfone S;1
HTC Desire S;1
HTC One A9;1
Huawei G610;1
Sony Xperia P;1
Huawei P8 Lite 2017;1
ASUS ZenFone Live;1
ASUS ZenFone Max ZC550KL;1
Samsung Galaxy Ace 4;1
Lenovo A606;1
HTC Desire 616;1
Huawei Y3 II;1
HTC Desire 500 Dual SIM;1
Huawei Honor 6x;1
Sony Xperia C5 Ultra Dual;1
Huawei Nova Lite 2017;1
Lenovo K6 Note;1
Samsung Galaxy S6 Edge Plus;1
HTC Desire V;1
Huawei Honor 6C Pro;1
Lenovo Vibe Z2 Pro;1
Samsung Galaxy S2 I9100;1
Sony Xperia L1;1
ASUS ZenFone 2 ZE550ML;1
HTC Desire 628 Dual Sim;1
Lenovo Phab;1
HTC One Max;1
Huawei Nova Lite;1
Sony Xperia M2 dual;1
HTC Desire 516;1
HTC One X9;1
Sony Xperia T2 Ultra;1
Sony Xperia Z3 D6603;1
Samsung Galaxy On Max;1
Lenovo P770;1
ASUS ZenFone 4 Max ZC520KL;1
ASUS ZenFone Zoom;1
HTC Sensation XE;1
Sony Xperia mini;1
Samsung Galaxy S3 Duos GT I9300I;1
HTC One M8 Dual Sim;1
Lenovo S920;1
Sony Xperia Z4;1
Acer Liquid E700;1
HTC Desire 326G;1
HTC One E9;1
HTC One E9s dual sim;1
Samsung S5230;1
Sony Xperia M2 Aqua;1
HTC Desire 610;1
HTC Desire 700 dual sim;1
Huawei Honor 5X;1
Huawei Ascend Mate;1
Sony Xperia J;1
Samsung Galaxy A5 SM A500F;1
Samsung Galaxy Win I8552;1
HTC Desire 510;1
HTC EVO 3D;1
HTC HD2;1
Huawei Honor 3C;1
Huawei Honor 5A;1
Lenovo K6 Power;1
Meizu Pro 6 Plus;1
Sony Xperia XZ Premium;1
ASUS Zenfone 3 ZE520KL;1
HTC Desire 816 Dual sim;1
Lenovo P90;1
Lenovo Vibe X3;1
Lenovo Vibe Z;1
Xiaomi Redmi 3x;1
HTC Desire 616 Dual sim;1
HTC Desire Eye;1
HTC Desire HD;1
Huawei Y6 Pro;1
Lenovo Vibe C;1
Xiaomi Mi4i;1
Samsung Galaxy Core 2 SM G355H;1
HTC Desire 500 dual;1
Huawei Y6 II;1
Lenovo A526;1
Lenovo Vibe K5;1
Meizu MX2;1
Samsung Galaxy E5;1
HTC Desire 620;1
Xiaomi Redmi Note 4X 32Gb;1
HTC Desire 630;1
Huawei Honor 4X;1
Lenovo S930;1
Sony Xperia M5 Dual;1
ASUS ZenFone 4 A450CG;1
ASUS ZenFone Live ZB501KL;1
HTC Desire 820G;1
HTC Desire C;1
HTC Incredible S;1
Lenovo A850;1
Sony Xperia acro;1
Xiaomi Mi Mix 2;1
Samsung Galaxy A3 SM A300F;1
Huawei Mate 10;1
Huawei Nexus 6P;1
Lenovo A516;1
Lenovo A916;1
Lenovo ZUK Z2;1
Samsung SM G355H Galaxy Core 2;1
Sony Xperia E4g;1
Sony Xperia ray;1
Sony Xperia V LT25i;1
ASUS Zenfone 3 ZE552KL;1
Huawei Honor 3;1
Huawei Honor 8 Pro;1
Sony Xperia Acro S;1
Sony Xperia Z5 Dual;1
ASUS ZenFone Go ZB500KL;1
ASUS ZenFone Go ZB551KL;1
HTC Desire 210;1
Sony Xperia XA1 Plus;1
Sony Xperia Z2 D6503;1
Acer Liquid Zest;1
Samsung Galaxy Grand 2 SM G7102;1
Samsung Galaxy S3 Neo;1
HTC Desire 326G Dual Sim;1
Sony Xperia C3 Dual;1
Sony Xperia X Compact;1
Sony Xperia Z5 Premium;1
ASUS ZenFone 4 A400CG;1
HTC Desire 830;1
Huawei Ascend P6;1
Lenovo A369i;1
Acer Liquid Z530;1
Huawei Ascend Mate 7;1
Huawei G6;1
Huawei P9 Plus;1
Lenovo Phab Plus;1
Lenovo Vibe Z2 Pro K920;1
Meizu M3 Max;1
Sony Xperia U;1
Xiaomi Mi 5X;1
Xiaomi Redmi Note 3 32Gb;1
Xiaomi Redmi Note 4 64Gb;1
Huawei P10 Plus;1
Huawei Y5 2017;1
Lenovo Vibe X;1
Meizu Pro 7 Plus;1
Xiaomi Mi Note Pro;1
ASUS ZenFone Go ZC451TG;1
HTC Desire 310 Dual Sim;1
Huawei Honor 2 U9508;1
Lenovo A820;1
Lenovo S856;1
Sony Ericsson K790i;1
Sony K790i;1
Xiaomi Mi5s Plus;1
Huawei Ascend P7;1
Samsung C3592;1
Samsung I8190 Galaxy S3 Mini;1
Sony Xperia E1;1
Sony Xperia M4 Aqua Dual E2312;1
Xiaomi Redmi Pro 32GB;1
Samsung Galaxy A5 2017 SM A520F;1
HTC One M9 Plus;1
HTC One SV;1
HTC Windows Phone 8S;1
Huawei Y5C;1
Sony Xperia J st26i;1
ASUS Fonepad Note 6;1
ASUS ZenFone C;1
Samsung Galaxy J1 2016 SM J120F DS;1
Samsung Galaxy J1 mini Prime;1
Samsung Galaxy Note 3 Neo;1
Samsung Galaxy Win GT I8552;1
HTC Butterfly;1
HTC One X10;1
Lenovo S898T;1
Samsung Galaxy Note Edge;1
Sony Xperia miro;1
Sony Xperia P LT22i;1
Sony Xperia sola;1
Sony Xperia X Dual;1
Sony Xperia X Performance;1
ASUS Zenfone 3 Laser ZC551KL;1
Samsung Galaxy S6 32Gb;1
Huawei Ascend G630;1
Huawei Honor 2;1
Sony Xperia S LT26i;1
ASUS Zenfone 3 Max ZC553KL;1
Samsung Galaxy S7 32Gb;1
HTC Desire 200;1
HTC Desire 516 dual sim;1
HTC One E8 dual sim;1
Samsung I9082 Galaxy Grand Duos;1
Xiaomi Redmi 4A 16GB;1
Asus PadFone 2;1
Samsung Galaxy Grand Prime SM G530H;1
Samsung Galaxy S4 mini I9195;1
Samsung Galaxy S4 zoom;1
Samsung Galaxy S6 Edge 32Gb;1
HTC Desire 630 Dual Sim;1
HTC Desire 728G;1
HTC One X9 Dual Sim;1
HTC Sensation XL;1
Huawei Mate 9 Pro;1
iPhone 5S 16Gb;1
Lenovo S720;1
Sony Ericsson K750i;1
Sony K750i;1
Xiaomi Mi 4S;1
HTC Desire 601 dual sim;1
HTC Desire 620 dual sim;1
HTC One A9s;1
Samsung S3310;1
Sony Ericsson Xperia ray ST18i;1
Sony Xperia XA Ultra Dual;1
Sony Xperia ZR C5502;1
Xiaomi Redmi 4X 64GB;1
Xiaomi Redmi Note 4X 64Gb;1
ASUS ZenFone 2 16Gb;1
ASUS ZenFone Max 16Gb;1
Samsung Galaxy Note N7000;1
HTC Desire 320;1
HTC Desire 530;1
Huawei Honor 6 Plus;1
Lenovo A7010;1
Lenovo A806;1
Lenovo K5 Note;1
Lenovo Vibe B;1
Sony Xperia T2 Ultra dual;1
Sony Xperia Z Ultra C6833;1
ASUS ZenFone Go TV G550KL;1
ASUS ZenFone Go ZB500KG;1
Samsung Galaxy J2 Prime SM G532F;1
Samsung Galaxy S Duos S7562;1
Samsung Galaxy S4 mini I9190;1
Samsung Galaxy S5 Duos;1
HTC Desire 400 Dual Sim;1
HTC Desire 828;1
HTC Desire X Dual Sim;1
HTC Radar;1
Huawei P8 Max;1
iPhone 4 8Gb;1
Samsung Galaxy J7 Neo;1
Samsung Galaxy Star Advance;1
Sony Xperia E4 Dual;1
Sony Xperia U ST25i;1
Sony Xperia XZ1;1
ASUS ZenFone 2 Laser ZE500KG;1
Samsung Galaxy Core I8262;1
Samsung Galaxy S7 Edge 32Gb;1
HTC Desire 526;1
HTC Desire 728;1
HTC Desire 816G;1
Huawei Mate 10 Lite;1
Lenovo A680;1
Lenovo Phab 2 Plus;1
Samsung C3520;1
Samsung E1150;1
Samsung Galaxy A9;1
Samsung Galaxy E7;1
Samsung Galaxy S4 Active;1
Samsung Galaxy S6 Active;1
Samsung Galaxy S8 Edge;1
Sony Xperia E3 Dual;1
Sony Xperia XA1 Dual;1
Sony Xperia Z3 dual D6633;1
Xiaomi Redmi 4X 16Gb;1
Xiaomi Redmi Note 4 32Gb;1
Acer Liquid Z520;1
ASUS Zenfone 3 Zoom ZE553KL;1
ASUS ZenFone Go ZB450KL;1
Samsung Galaxy J1 Mini SM J105H;1
Samsung Galaxy Note 7;1
Samsung Galaxy S Duos GT S7562;1
HTC Desire Z;1
Huawei GR5;1
Huawei Honor 3C Lite;1
Samsung C3322;1
Samsung C3752;1
Samsung Galaxy Alpha SM G850F;1
Sony Xperia XA1 Ultra;1
ASUS ZenFone C ZC451CG;1
Samsung Galaxy Grand Neo;1
Samsung Galaxy S II I9100;1
Samsung Galaxy S4 mini GT I9195;1
HTC Butterfly S;1
HTC One E9 Plus;1
HTC One XL;1
HTC U Play;1
Huawei Ascend G700;1
Huawei G525;1
Lenovo A1010;1
Lenovo Vibe S1 Lite;1
Samsung I8262 Galaxy Core;1
Sony Xperia ion;1
Acer Liquid Zest Plus;1
ASUS ZenFone 2 Laser ZE500KL 16GB;1
ASUS Zenfone 2 Laser ZE601KL;1
ASUS ZenFone 3 Max 16Gb;1
ASUS ZenFone 4 ZE554KL;1
Samsung Galaxy Ace 2;1
Samsung Galaxy Core GT I8262;1
HTC Desire 728G Dual Sim;1
HTC Desire 825;1
Huawei Mate 10 Pro;1
Huawei Y635;1
Lenovo Vibe C2;1
Samsung N7100 Galaxy Note II;1
Samsung S7262 Galaxy Star Plus;1
Sony J120i;1
Sony Xperia E4g Dual;1
Sony Xperia TX;1
Acer Liquid Zest 4G;1
ASUS ZenFone Go ZC500TG;1
Samsung Galaxy A9 Pro;1
Samsung Galaxy Ace 4 Lite;1
Samsung Galaxy Ace S5830;1
Samsung Galaxy STAR Plus;1
HTC Desire 210 dual sim;1
HTC One ME;1
Huawei Ascend G6;1
iPhone 7 128Gb;1
Lenovo Zuk Z1;1
Samsung GT I8000;1
Samsung S7562 Galaxy S Duos;1
Sony W20i Zylo;1
Sony Xperia go;1
Sony Xperia Go ST27i;1
Sony Xperia neo;1
Sony Xperia XZs;1
Sony Xperia ZL C6503;1
Acer Liquid Z330;
ASUS ZenFone 3 Max 32Gb;
ASUS ZenFone 5 A502CG Lite;
ASUS Zenfone 5 Lite A502CG;
Samsung Galaxy A5 2016 SM A510F;
Samsung Galaxy A7 SM A700F;
Samsung Galaxy Ace Duos;
Samsung Galaxy J5 Prime SM G570F;
HTC Desire 830 Dual Sim;
HTC One 32Gb;
HTC One X plus;
HTC U11 Plus;
HTC Windows Phone 8X;
Huawei Y5 2;
Samsung Galaxy S4 LTE;
Sony Ericsson K700i;
Sony Ericsson W508;
Sony K700i;
Sony W508;
Sony W850i;
Sony W902;
Sony Xperia arc;
Sony Xperia E1 dual;
Sony Xperia M2 D2303;
Sony Xperia T3 D5103;
Sony Xperia X8;
Xiaomi Hongmi;
Xiaomi Mi Max 2 64Gb;
Xiaomi Mi Max 64Gb;
Xiaomi Redmi 3 16Gb;
Xiaomi Redmi Note 3 16Gb;
Xiaomi Redmi Note 3 Pro 16Gb;
Acer Liquid S2;
ASUS Zenfone Go ZB690KG;
ASUS ZenFone Selfie ZD551KL 32GB;
Samsung Galaxy A5 Duos;
Samsung Galaxy Grand I9082;
Samsung Galaxy S4 mini Duos GT I9192;
HTC Desire 820 dual sim;
HTC Explorer;
HTC Gratia;
HTC One M10;
HTC U 11;
Huawei Ascend G620s;
Huawei Ascend Y201 Pro;
Huawei G8;
iPhone 6 64Gb;
Samsung Galaxy Ace 2 i8160;
Samsung Galaxy S6 Duos;
Sony Ericsson W902;
Sony Ericsson Xperia X8;
Sony Xperia C4 Dual;
Sony Xperia E3 D2203;
Sony Xperia L1 Dual;
Sony Xperia M4 Aqua Dual E2333;
Xiaomi Redmi 3s 32Gb;
Xiaomi Redmi Note 3 Pro 32Gb;
Xiaomi Redmi Note 3 Pro Special Edition;
Acer Liquid E2;
ASUS ZenFone 4 Selfie;
ASUS Zenfone 5 A500KL;
ASUS ZenFone Live ZB501KL 32Gb;
Samsung Galaxy A8 2018;
Samsung Galaxy Ace GT S5830;
Samsung Galaxy C7;
Samsung Galaxy S I9000;
Samsung Galaxy S4 Active I9295;
Samsung Galaxy Y Duos S6102;
Huawei Ascend Y600;
Huawei GT3;
Lenovo A Plus;
Lenovo A390;
Lenovo P90 Pro;
Lenovo S939;
Meizu M3 32Gb;
Meizu M3E;
Samsung B5722;
Samsung C200;
Samsung C3011;
Samsung Galaxy C5;
Samsung Galaxy Grand Duos GT I9082;
Samsung Galaxy J7 Pro;
Samsung GT S5610;
Samsung J700;
Samsung S3600;
Sony Ericsson K810i;
Sony Ericsson Xperia X10;
Sony K810i;
Sony W595;
Sony Xperia sola MT27i;
Sony Xperia tipo;
Sony Xperia X10;
Sony Xperia Z C6602;
Sony Xperia Z5 Premium Dual;
Xiaomi Mi 5c;
Xiaomi Mi Note 2 64Gb;
Xiaomi Mi Note 64Gb;
Xiaomi Redmi Pro 64GB;
Acer Liquid E2 Duo;
Acer Liquid E2 Duo V370;
ASUS ZenFone 3 ZE520KL 32GB;
ASUS ZenFone 3 Zoom 64Gb;
ASUS ZenFone 3 Zoom ZE553KL 64GB;
ASUS ZenFone 4 ZE554KL 4GB;
ASUS Zenfone 5 Lite;
ASUS ZenFone Zoom 64Gb;
Samsung Galaxy A3 2016 SM A310F DS;
Samsung Galaxy Ace 3 S7270;
Samsung Galaxy Core Prime SM G360H;
Samsung Galaxy Nexus I9250;
Samsung Galaxy Note 4 SM N910C;
Samsung Galaxy S4 mini GT I9190;
Samsung Galaxy S8 64GB;
Samsung Galaxy Y Duos GT S6102;
HTC Hero;
HTC One S9;
Huawei Ascend Y511;
Huawei Honor U8860;
Huawei Nova Plus;
Huawei Y7 2017;
iPhone 6 16Gb;
Meizu M3 Note 32Gb;
Meizu Pro 6s;
Meizu U10 16Gb;
Samsung C3300;
Samsung D600;
Samsung E1310M;
Samsung S5200;
Samsung S5830 Galaxy Ace;
Samsung S7270 Galaxy Ace 3;
Samsung SGH i550;
Sony Ericsson K610i;
Sony Ericsson K770i;
Sony Ericsson Vivaz;
Sony Ericsson Xperia X10 mini;
Sony K610i;
Sony K770i;
Sony W890i;
Sony Xperia arc S;
Sony Xperia miro ST23i;
Sony Xperia X10 mini;
Sony Xperia X2;
Sony Xperia XZ Dual;
Sony Xperia Z2 D6502;
Xiaomi MI 1s;
Xiaomi mi Note 4;
Acer Liquid M220;
Acer Liquid Z630;
ASUS ZenFone 2 ZE500CL;
ASUS ZenFone Go ZB552KL;
Samsung Galaxy Core 2 Duos SM G355H DS;
Samsung Galaxy Note 3 32Gb;
Samsung Galaxy Note GT N7000;
Samsung Galaxy R I9103;
Samsung Galaxy S II GT I9100;
Samsung Galaxy S4 i9502;
Samsung Galaxy S6 64Gb;
Samsung Galaxy S7 64Gb;
Samsung Galaxy Star Advance SM G350E;
Samsung Galaxy Star Plus GT S7262;
HTC 10 Lifestyle;
HTC 7 Mozart;
HTC Desire 816G dual sim;
HTC Desire 826;
HTC Desire U;
HTC Explorer A310e;
HTC Flyer;
HTC Legend;
HTC One 16Gb;
HTC One 64Gb;
HTC Rhyme s510b;
Huawei Ascend G510;
Huawei Ascend G525;
Huawei Ascend P1;
Huawei Ascend P1 XL;
Huawei Ascend Y300;
Huawei Ascend Y541;
Huawei Honor 3X;
Huawei Honor 8 64Gb;
Huawei Nova 2 Plus;
Huawei ShotX;
Huawei Y3 II LTE;
iPhone 5S 32Gb;
iPhone 8 64Gb;
Lenovo A560;
Lenovo A789;
Lenovo A830;
Lenovo Sisley;
Lenovo Sisley S90;
Meizu M5 32Gb;
Meizu M5c 16GB;
Meizu Pro 7 64GB;
Samsung C3050;
Samsung C3520 La Fleur;
Samsung Galaxy J1 Mini 2016;
Samsung Galaxy J7 Prime;
Samsung Galaxy Note 3 SM N9005;
Samsung Galaxy S7 Active;
Samsung I9003 Galaxy SL;
Samsung SGH G600;
Sony Ericsson W980;
Sony Ericsson Xperia arc S;
Sony F305;
Sony Live with Walkman;
Sony Satio U1;
Sony WT18i;
Sony Xperia M4 Aqua E2303;
Sony Xperia X1;
Sony Xperia Z L36h;
Xiaomi Redmi 1S;
Xiaomi Redmi 3s 16Gb;
Acer Liquid Z220;
ASUS P550;
ASUS Zenfone 5 16Gb;
ASUS ZenFone 5 A501CG 16GB;
Samsung Galaxy Ace Style;
Samsung Galaxy Ace Style LTE;
Samsung Galaxy Grand Prime VE Duos SM G531H DS;
Samsung Galaxy S3 Neo GT I9301I;
Samsung Galaxy S6 Duos 64GB;
Samsung Galaxy Star Pro S7260;
HTC 10 Evo;
HTC Desire 650;
HTC Desire 826 Dual Sim;
HTC Desire U Dual Sim;
HTC MAX 4G;
HTC One M8s;
HTC P3300;
HTC Touch Diamond2;
HTC U Play 64Gb;
Huawei Ascend D1 U9500;
Huawei Ascend D2;
Huawei Ascend G330;
Huawei Ascend Y5C;
Huawei G Play Mini;
Huawei Mate 9 Dual;
Huawei Mate S;
Huawei Vision U8850;
Huawei Y7 Prime;
iPhone 5 16Gb;
iPhone 6 Plus 64Gb;
iPhone 6S 16Gb;
Lenovo A399;
Lenovo A60;
Lenovo A6010 Plus;
Samsung D900i;
Samsung E1200;
Samsung E2210;
Samsung E2232;
Samsung Galaxy Ace 4 Duos;
Samsung Galaxy I9060;
Samsung GT I5500;
Samsung I9001 Galaxy S Plus;
Samsung I9301I Galaxy S3 Neo;
Samsung L870;
Samsung S5611;
Samsung S8500 Wave;
Samsung SGH E200;
Samsung SGH E490;
Samsung SGH X210;
Sony Ericsson K530i;
Sony Ericsson Vivaz U5i;
Sony Ericsson W610i;
Sony Ericsson W890i;
Sony Ericsson W995;
Sony K530i;
Sony Vivaz U5i;
Sony W300i;
Sony W610i;
Sony W995;
Sony Xperia active;
Sony Xperia M dual;
Sony Xperia M2 D2305;
Sony Xperia M2 Dual sim D2302;
Sony Xperia pro;
Sony Xperia tipo dual;
Sony Xperia XZ1 Compact;
Xiaomi mi 3S;
Xiaomi mi 4A;
Xiaomi Red Rice 1s;
Acer Liquid Z6;
Acer Liquid Z6 Plus;
ASUS P535;
ASUS Zenfone 3 Ultra ZU680KL;
ASUS ZenFone 4 Max ZC520KL 16Gb;
ASUS ZenFone Go TV ZB551KL;
ASUS ZenFone Zoom ZX551ML;
Samsung Galaxy Express;
Samsung Galaxy Gio S5660;
Samsung Galaxy Golden GT I9235;
Samsung Galaxy Grand GT I9082;
Samsung Galaxy Grand Prime VE SM G531F;
Samsung Galaxy J3 2016 SM J320F DS;
Samsung Galaxy Nexus GT I9250;
Samsung Galaxy Note 3 Neo SM N7505;
Samsung Galaxy R GT I9103;
Samsung Galaxy S Duos 2 GT S7582;
Samsung Galaxy S Duos 2 S7582;
Samsung Galaxy S4 16Gb i9505;
Samsung Galaxy S4 Active GT I9295;
Samsung Galaxy S5 mini SM G800F;
Samsung Galaxy S5 mini SM G800H;
Samsung Galaxy W GT I8150;
Samsung Galaxy W I8150;
HTC Nexus One;
HTC Touch Diamond P3700;
Huawei Ascend G300;
Huawei Ascend G610;
Huawei Ascend G750;
Huawei Ascend W1;
Huawei Ascend Y530;
Huawei G9;
Huawei Honor 8 32Gb;
Huawei Honor Note 8;
Huawei U8950 Honor Pro;
Huawei Vision;
Huawei Y3II;
iPhone 4 16Gb;
iPhone 4S 16Gb;
iPhone 5S 64Gb;
iPhone X 10;
iPhone X 64Gb;
Lenovo A690;
Lenovo Phab 2 Pro;
Lenovo Vibe C2 Power;
Lenovo Vibe K5 Note;
Lenovo Vibe K5 Plus;
Meizu M3 16Gb;
Meizu M3X;
Meizu M5c 32GB;
Samsung D800;
Samsung D900;
Samsung E1080;
Samsung E1272;
Samsung GT S5230 La Fleur;
Samsung GT S5611;
Samsung i5500;
Samsung I9000 Galaxy S;
Samsung I9260 Galaxy Premier;
Samsung I9300I Galaxy S3 Neo;
Samsung L320;
Samsung P960;
Samsung S6802 Galaxy Ace Duos;
Samsung SGH E570;
Samsung SGH G800;
Samsung SGH U600;
Samsung U300;
Samsung Wave 525 S5250;
Samsung Z;
Sony C510;
Sony C905;
Sony Ericsson C905;
Sony Ericsson K850i;
Sony Ericsson S500i;
Sony Ericsson Satio;
Sony Ericsson W595;
Sony Hazel J20;
Sony K850i;
Sony S500i;
Sony W760i;
Sony Xperia TX Lt29i;
Sony Xperia X Ultra;
Sony Xperia Z Ultra C6802;
Sony Xperia Z3 E6553;
Sony Z710i;
Xiaomi mi 3 Pro;
Xiaomi Mi2S 32Gb;
Xiaomi Redmi 4A 32Gb;
Acer Liquid E600;
Acer Liquid S1;
Acer Liquid Z410;
Acer Liquid Z530 16GB;
Asus PadFone E;
ASUS PadFone mini;
ASUS ZenFone 4 Max Pro;
ASUS ZenFone 4 Max ZC520KL 32Gb;
ASUS Zenfone 5 8Gb;
ASUS ZenFone 5 A501CG 8GB;
ASUS ZenFone Max Plus M1;
Samsung Galaxy A3 2017 SM A320F;
Samsung Galaxy A9 Pro SM A910F DS;
Samsung Galaxy Ace Duos GT S6802;
Samsung Galaxy Ace Plus S7500;
Samsung Galaxy Ace Style LTE SM G357FZ;
Samsung Galaxy Alpha SM G850F 32GB;
Samsung Galaxy C5 Pro;
Samsung Galaxy C7 Pro;
Samsung Galaxy C9 Pro;
Samsung Galaxy Core I8260;
Samsung Galaxy Gio GT S5660;
Samsung Galaxy J1 2016 SM J120H DS;
Samsung Galaxy J1 Mini Prime 2016 SM J106F DS;
Samsung Galaxy K Zoom;
Samsung Galaxy Note 5 64Gb;
Samsung Galaxy Note Edge 32Gb;
Samsung Galaxy S Duos 3;
Samsung Galaxy S4 16Gb i9500;
Samsung Galaxy S4 GT I9500 16GB;
Samsung Galaxy S4 GT I9505 16GB;
Samsung Galaxy S4 Zoom SM C101;
Samsung Galaxy S5 Neo;
Samsung Galaxy S6 Duos 32Gb;
Samsung Galaxy Xcover 3;
Samsung Galaxy xCover S5690;
HTC Desire 10 pro;
HTC Desire L;
HTC Google Nexus One;
HTC One M8 Eye;
HTC One ME Dual Sim;
Huawei Ascend W2;
Huawei Honor 7 Premium;
Huawei Mate 8 32Gb;
Huawei P10 32Gb;
Huawei P9 Lite 2017;
Huawei U7520;
Huawei Y3 2017 LTE;
Huawei Y5 II LTE;
Huawei Y6 II Compact;
iPhone 3G 8Gb;
iPhone 3GS 16Gb;
iPhone 3GS 8Gb;
iPhone 5C 16Gb;
iPhone 6S 128Gb;
iPhone 6S 32Gb;
iPhone 6S 64Gb;
iPhone 7 32Gb;
iPhone 7 Plus 128Gb;
iPhone 8 Plus 64Gb;
Lenovo A356;
Lenovo A369;
Lenovo A3690;
Lenovo A376;
Lenovo A616;
Lenovo A630;
Lenovo A760;
Lenovo A766;
Lenovo K3 Music Lemon;
Lenovo P700i;
Lenovo S880;
Lenovo Vibe X2 Pro;
Lenovo Vibe Z K910;
Meizu M2 Note 16Gb;
Meizu M3 Note 16Gb;
Meizu M3s 16GB;
Samsung B3410;
Samsung B5722 Duos;
Samsung C3010;
Samsung C3222;
Samsung C3312;
Samsung D980;
Samsung E1080W;
Samsung E1125;
Samsung E1182;
Samsung E2550;
Samsung Galaxy A7 Duos;
Samsung Galaxy Grand Prime VE Duos SM G531H;
Samsung Galaxy J5 Pro 2017;
Samsung Omnia W GT I8350;
Samsung Omnia W I8350;
Samsung S5233T;
Samsung S5690 Galaxy Xcover;
Samsung SGH L870;
Samsung SGH X830;
Samsung Star TV S5233T;
Samsung Wave 525 GT S5250;
Samsung Wave GT S8500;
Samsung Wave S8500;
Samsung Wave Y S5380D;
Sony Aspen;
Sony C902;
Sony Ericsson Aspen;
Sony Ericsson C902;
Sony Ericsson Cedar;
Sony Ericsson G900;
Sony Ericsson P1i;
Sony Ericsson T630;
Sony Ericsson W850;
Sony Ericsson Xperia Active;
Sony Ericsson Xperia Pro;
Sony Ericsson Yari;
Sony G900;
Sony P1i;
Sony T700;
Sony Vivaz pro U8i;
Sony Xperia SL;
Sony Xperia T3 D5102;
Sony Xperia XA1 Plus Dual;
Sony Xperia ZL C6502;
Sony Yari;
Xiaomi M1s;
Xiaomi Mi Max 32Gb;
Xiaomi mi Note 3 Pro;
Xiaomi Mi4 16Gb;
Xiaomi Mi4s;
Xiaomi Mi5 32Gb;
Xiaomi Mi5 64Gb;
Xiaomi Redmi 5 32Gb;
Xiaomi Redmi 5 Plus 64Gb;
Xiaomi Redmi Note 4G;
Xiaomi Rice 1S;
Acer beTouch E100;
Acer Liquid E1 Duo;
Acer Liquid Jade Z;
Acer Liquid M330;
Acer Liquid Z630S;
Acer Liquid Zest 4G 16GB;
ASUS Fonepad Note FHD6;
ASUS P525;
ASUS P527;
ASUS P750;
ASUS PadFone mini 4 3;
ASUS ZenFone 2 32Gb;
ASUS ZenFone 2 ZE551ML 16Gb;
ASUS ZenFone 2 ZE551ML 32Gb;
ASUS Zenfone 3 Deluxe ZS570KL;
ASUS ZenFone 3 Ultra 64Gb;
ASUS ZenFone 3 Ultra ZU680KL 64GB;
ASUS ZenFone 4 Max Plus ZC550TL;
ASUS ZenFone Go 16Gb;
ASUS ZenFone Go 8Gb;
ASUS ZenFone Go ZB552KL 16GB;
ASUS ZenFone Max Plus M1 32Gb;
ASUS ZenFone Max ZC550KL 16GB;
Samsung Galaxy A7 2017 SM A720F;
Samsung Galaxy A9 2016;
Samsung Galaxy Ace 3 GT S7270;
Samsung Galaxy Ace 4 Lite SM G313H;
Samsung Galaxy Ace Plus GT S7500;
Samsung Galaxy Axiom R830;
Samsung Galaxy C7 32GB;
Samsung Galaxy Core Advance;
Samsung Galaxy Core Advance GT I8580;
Samsung Galaxy Core II;
Samsung Galaxy E5 SM E500H DS;
Samsung Galaxy Grand 2 SM G710;
Samsung Galaxy Grand 2 SM G7105;
Samsung Galaxy Grand I9080;
Samsung Galaxy J1 Mini Prime 2016 SM J106H DS;
Samsung Galaxy J1 SM J100F;
Samsung Galaxy J5 2017 16GB;
Samsung Galaxy J5 SM J500H DS;
Samsung Galaxy J7 2016 SM J710F;
Samsung Galaxy K Zoom SM C115;
Samsung Galaxy Mega 2;
Samsung Galaxy mini 2 S6500;
Samsung Galaxy Note 3 SM N9005 32GB;
Samsung Galaxy Note 5 32Gb;
Samsung Galaxy Pocket Duos S5302;
Samsung Galaxy Pocket Neo GT S5310;
Samsung Galaxy Pocket Neo S5310;
Samsung Galaxy S III mini 8Gb;
Samsung Galaxy S III mini GT I8190N 8Gb;
Samsung Galaxy S Plus I9001;
Samsung Galaxy S5 16Gb;
Samsung Galaxy S5 Active;
Samsung Galaxy S5 LTE A;
Samsung Galaxy S5 mini Duos;
Samsung Galaxy S7 Edge 64Gb;
Samsung Galaxy S8 128GB;
Samsung Galaxy Star 2;
Samsung Galaxy Star 2 Plus;
Samsung Galaxy Star GT S5282;
Samsung Galaxy Star S5282;
Samsung Galaxy Win I8550;
Samsung Galaxy Xcover 2 S7710;
Samsung Galaxy Young 2;
HTC 10 64Gb;
HTC 10 Evo 64GB;
HTC 7 Pro;
HTC Desire 501;
HTC Desire 520;
HTC Desire VC;
HTC Evo 4G;
HTC HD mini;
HTC HD7;
HTC J;
HTC J Z321e;
HTC Lead;
HTC One Max 16Gb;
HTC Tattoo;
HTC Touch2;
HTC Trophy;
HTC U11 128Gb;
HTC U11 Life;
HTC U11 Plus 128GB;
HTC Vivid;
Huawei Ascend G500 Pro;
Huawei Ascend G730;
Huawei Ascend II;
Huawei Ascend Mate 7 Premium;
Huawei Ascend Y200;
Huawei Ascend Y210;
Huawei Ascend Y520;
Huawei G2200;
Huawei G520;
Huawei Honor 4 Play;
Huawei Honor 6 16Gb;
Huawei Honor 6 Plus 16Gb;
Huawei Honor P8 Lite 2017;
Huawei Mate 9 Porsche Design;
Huawei Nexus 6P 32Gb;
Huawei Y6 Dual;
iPhone 4 32Gb;
iPhone 4 CDMA;
iPhone 5C 32Gb;
iPhone 6 32Gb;
iPhone 7 Plus 32Gb;
iPhone SE 16Gb;
iPhone X 256Gb;
Lenovo A300T;
Lenovo A338t;
Lenovo A5600;
Lenovo A660;
Lenovo A816;
Lenovo A936;
Lenovo Ideaphone P770;
Lenovo IdeaPhone S720;
Lenovo K6 Power 16Gb;
Lenovo P70T;
Lenovo P780 4GB;
Lenovo P780 8Gb;
Lenovo Phab2;
Lenovo S820 4GB;
Meizu A5;
Meizu M3s mini 16Gb;
Meizu M5 16Gb;
Meizu M5 Note 16Gb;
Meizu M6 16Gb;
Meizu MX2 64Gb;
Meizu MX4 32Gb;
Meizu MX4 Pro 32Gb;
Meizu MX5 32Gb;
Meizu Pro 6 32Gb;
Samsung ATIV SE;
Samsung B130;
Samsung B310E;
Samsung C3110;
Samsung C3200;
Samsung C3332;
Samsung C3530;
Samsung C3560;
Samsung C3782;
Samsung Corby S3650;
Samsung D980 Duos;
Samsung E1252;
Samsung E2121B;
Samsung E2530;
Samsung Ego S9402;
Samsung F490;
Samsung Galaxy Core Advance I8580;
Samsung Galaxy J1 Mini Prime 2016;
Samsung Galaxy J3 Pro;
Samsung Galaxy J7 Core;
Samsung Galaxy Note III;
Samsung Galaxy Trend S7390;
Samsung Giorgio Armani I9010;
Samsung GT B7722;
Samsung GT E1200R;
Samsung GT S5302;
Samsung i8530 Galaxy Beam;
Samsung I9152 Galaxy Mega 5 8;
Samsung S3650 Corby;
Samsung S5250 Wave 525 La Fleur;
Samsung S5260 Star II;
Samsung S5302 Galaxy Pocket Duos;
Samsung S5360 Galaxy Y;
Samsung S5510;
Samsung S5560;
Samsung S5670;
Samsung S7250 Wave M;
Samsung S7390 Galaxy Trend;
Samsung SGH C260;
Samsung SGH E210;
Samsung SGH E700;
Samsung SGH E840;
Samsung SGH L320;
Samsung SGH M600;
Samsung SGH U700;
Samsung SGH X600;
Samsung Star II Duos C6712;
Samsung Star II S5260;
Samsung Wave 525 La Fleur S5250;
Samsung Wave II S8530;
Samsung Wave M S7250;
Sony Aino U10i;
Sony Ericsson J20 Hazel;
Sony Ericsson K800i;
Sony Ericsson Live with Walkman WT19i;
Sony Ericsson P990i;
Sony Ericsson T700;
Sony Ericsson T715;
Sony Ericsson W700i;
Sony Ericsson W800i;
Sony Ericsson W810i;
Sony Ericsson W880i;
Sony Ericsson W910i;
Sony Ericsson Xperia Pureness;
Sony Ericsson Xperia X5 Pureness;
Sony Ericsson Z610I;
Sony J110i;
Sony K310i;
Sony K320i;
Sony K800i;
Sony T280i;
Sony T715;
Sony W700i;
Sony W810i;
Sony W880i;
Sony W910i;
Sony W980i;
Sony Xperia ion Lt28i;
Sony Xperia mini pro;
Sony Xperia X Perfomance;
Sony Xperia X Performance Dual;
Sony Xperia XA2;
Sony Xperia XZ1 Dual;
Sony Xperia Z3 Plus Dual;
Sony Z310i;
Sony Z530i;
Sony Z610i;
Xiaomi Hongmi 1s;
Xiaomi Mi Max 128Gb;
Xiaomi Mi Mix 2 SE;
Xiaomi Mi MIX 2 Special Edition;
Xiaomi Mi Mix 256Gb;
Xiaomi Mi4 64GB;
Xiaomi Mi4c 16Gb;
Xiaomi Mi4i 16Gb;
Xiaomi Mi4i 32Gb;
Xiaomi Mi5C;
Xiaomi Redmi 2 Enhanced Edition;
Xiaomi Redmi Note 2 16Gb;
Xiaomi Redmi Note standart;
