ноутбук;diagnostika;Диагностика@Экспресс диагностика@Программная диагностика@Комплексная диагностика@Полная диагностика;Диагностика неисправности на ноутбуке [brand] в [city] - цена от [cost] руб??, диагностика поломки: сервисный центр [brand2];Бесплатная диагностика ноутбука [brand] в [city]
ноутбук;zamena-wifi;Замена Wi-Fi модуля@Ремонт WiFi платы@Замена WiFi@Замена Wi-Fi;Замена Wi-Fi модуля на ноутбуке [brand] в [city] - цена от [cost] руб??, ремонт, настройка WiFi модуля: сервисный центр [brand2];Замена WiFi модуля на ноутбуке [brand] в [city]
ноутбук;zamena-matritsy;Замена матрицы экрана@Замена матрицы дисплея@Замена матрицы@Ремонт матрицы;Замена экрана ноутбука [brand] в [city] - цена от [cost] руб??, отремонтировать матрицу - стоимость ремонта дисплея (монитора): сервисный центр [brand2];Замена матрицы ноутбука [brand] в [city]
ноутбук;remont-tsepi-pitaniya;Ремонт цепи питания материнской платы@Ремонт цепи питания@Восстановление цепи питания@Замена элементов цепи питания;Ремонт цепи питания  на ноутбуке [brand] в [city] - цена от [cost] руб??, восстановление, замена цепи питания: сервисный центр [brand2];Ремонт цепи питания  на ноутбуке [brand] в [city]
ноутбук;zamena-videokarty;Ремонт видеокарты@Замена видеокарты@Замена видеочипа@Перепайка видеочипа;Замена видеокарты в ноутбуке [brand] на более мощную в [city] - цена от [cost] руб??, ремонт видеоадаптера: сервисный центр [brand2];Замена видеокарты на ноутбуке [brand] в [city]
ноутбук;zamena-zhestkogo-diska;Замена накопителя HDD@Замена HDD@Замена диска HDD или SSD@Замена жесткого диска;Замена жесткого диска на ноутбуке [brand] в [city] - цена от [cost] руб??, ремонт HDD (винчестера): сервисный центр [brand2];Замена жесткого диска на ноутбуке [brand] в [city]
ноутбук;zamena-klaviatury;Полная замена клавиатуры@Ремонт клавиатуры@Замена кнопок клавиатуры@Замена клавиатуры;Замена клавиатуры на ноутбуке [brand] в [city] - цена от [cost] руб??, ремонт клавиатуры, поменять клавиши: сервисный центр [brand2];Замена клавиатуры на ноутбуке [brand] в [city]
ноутбук;nastroyka-windows;Настройка Windows@Настройка ПО@Настройка ОС@Настройка операционной системы@Настройка ОС Windows;Переустановить Виндовс на ноутбуке [brand] в [city] - цена от [cost] руб??, переустановка Windows 7, 10: сервисный центр [brand2];Установка Виндовс на ноутбуке [brand] в [city]
ноутбук;zamena-materinskoy-platy;Замена материнской платы@Замена платы@Ремонт материнской платы@Ремонт системной платы;Поменять  материнскую плату на ноутбуке [brand] в [city] - цена от [cost] руб??, поменять мат плату: сервисный центр [brand2];Замена материнской платы на ноутбуке [brand] в [city]
ноутбук;zamena-pamyati;Замена оперативной памяти@Замена ОЗУ@Замена памяти ОЗУ@Замена модуля памяти;Замена оперативной памяти на ноутбуке [brand] в [city] - цена от [cost] руб??, увеличить оперативную память (ОЗУ/RAM): сервисный центр [brand2];Замена памяти на ноутбуке [brand] в [city]
ноутбук;chistka-noutbuka;Чистка@Чистка от пыли@Комплексная чистка@Полная чистка;Чистка ноутбука [brand] от пыли в [city] - цена от [cost] руб??, почистить ноутбук от пыли (клавиатура, кулер, полная чистка): сервисный центр [brand2];Чистка ноутбука [brand] от пыли в [city]
ноутбук;zamena-kulera;Замена кулера@Замена вентилятора@Замена вентилятора охлаждения@Ремонт кулера;Ремонт вентилятора на ноутбуке [brand] в [city] - цена от [cost] руб??, поменять систему охлаждения: сервисный центр [brand2];Замена кулера на ноутбуке [brand] в [city]
ноутбук;nastroyka-bios;Настройка Биос@Перепрошивка BIOS@Настройка BIOS@Работа с настройками BIOS@Работа с настройками БИОС;Замена, перепрошивка, настройка БИОС на ноутбуке [brand] в [city] - цена от [cost] руб??, восстановление BIOS: сервисный центр [brand2];Перепрошивка, ремонт, восстановление биоса на ноутбуке [brand] в [city]
ноутбук;remont-yuzhnogo-mosta;Ремонт южного моста@Ремонт южного моста платы@Замена южного моста@Замена чипа южного моста@Ремонт чипа южного моста;Ремонт южного моста  на ноутбуке [brand] в [city] - цена от [cost] руб??, стоимость замены южного моста: сервисный центр [brand2];Замена южного моста на ноутбуке [brand] в [city]
ноутбук;ustanovka-drayverov;Установка драйверов@Установка драйвера@Установка драйверов Windows@Настройка драйвера@Настройка драйверов;Установка драйвера на ноутбуке [brand] в [city] - цена от [cost] руб??, Установка драйверов Windows: сервисный центр [brand2];Установка драйверов на ноутбуке [brand] в [city]
ноутбук;zamena-multikontrollera;Замена мультиконтроллера@Замена мультиконтроллера платы@Ремонт мультиконтроллера@Ремонт мультиконтроллера платы;Замена мультиконтроллера на ноутбуке [brand] в [city] - цена от [cost] руб??, ремонт мультиконтроллера : сервисный центр [brand2];Замена мультиконтроллера на ноутбуке [brand] в [city]
ноутбук;zamena-hdmi;Замена разъема HDMI@Замена HDMI@Замена модуля HDMI@Ремонт разъема HDMI@Ремонт HDMI@Ремонт модуля HDMI;Ремонт HDMI разъема на ноутбуке [brand] в [city] - цена от [cost] руб??, Замена разъема HDMI: сервисный центр [brand2];Замена HDMI разъема на ноутбуке [brand] в [city]
ноутбук;zamena-usb;Замена разъема USB@Замена портов USB@Замена USB@Ремонт разъема USB@Ремонт портов USB@Ремонт USB;Ремонт USB порта на ноутбуке [brand] в [city] - цена от [cost] руб??, поменять ЮСБ порт: сервисный центр [brand2];Замена USB разъема на ноутбуке [brand] в [city]
ноутбук;zamena-shleyfa-matritsy;Замена шлейфа@Замена шлейфа матрицы@Ремонт шлейфа@Ремонт шлейфа матрицы;Ремонт шлейфа монитора на ноутбуке [brand] в [city] - цена от [cost] руб??, поменять матричный шлейф: сервисный центр [brand2];Замена шлейфа матрицы на ноутбуке [brand] в [city]
ноутбук;remont-severnogo-mosta;Ремонт северного моста@Ремонт северного моста платы@Ремонт чипа северного моста@Замена северного моста@Замена северного моста платы@Замена чипа северного моста;Ремонт северного моста  на ноутбуке [brand] в [city] - цена от [cost] руб??, замена чипа северного моста на ноутбуке: сервисный центр [brand2];Замена северного моста на ноутбуке [brand] в [city]
ноутбук;zamena-batarei;Замена аккумуляторной батареи@Замена батареи@Замена аккумулятора@Замена АКБ;Заменить батарею на ноутбуке [brand] в [city] - цена от [cost] руб??, ремонт аккумулятора : сервисный центр [brand2];Замена батареи на ноутбуке [brand] в [city]
ноутбук;zamena-zaryadnogo-ustroystva;Замена зарядного устройства@Замена ЗУ@Замена блока питания@Замена устройства питания;Замена блока питания  на ноутбуке [brand] в [city] - цена от [cost] руб??, ремонт адаптера: сервисный центр [brand2];Ремонт блока питания  на ноутбуке [brand] в [city]
ноутбук;zamena-gnezda-pitaniya;Замена гнезда питания@Замена разъема питания@Ремонт гнезда питания@Ремонт разъема питания;Ремонт разъема питания на ноутбуке [brand] в [city] - цена от [cost] руб??, починить гнездо зарядки: сервисный центр [brand2];Замена гнезда зарядки на ноутбуке [brand] в [city]
ноутбук;zamena-kamery;Замена камеры@Замена встроенной камеры@Ремонт встроенной камеры@Ремонт вебкамеры;Замена встроенной камеры на ноутбуке [brand] в [city] - цена от [cost] руб??, Ремонт вебкамеры: сервисный центр [brand2];Замена камеры на ноутбуке [brand] в [city]
ноутбук;zamena-tachpad;Замена тачпад@Замена модуля тачпад@Ремонт тачпад@Ремонт тачпада@Замена тачпада;Ремонт тачпада на ноутбуке [brand] в [city] - цена от [cost] руб??, замена тачпада: сервисный центр [brand2];Ремонт тачпада на ноутбуке [brand] в [city]
планшет;diagnostika;Диагностика@Программная диагностика@Комплексная диагностика@Полная диагностика@Экспресс диагностика;Бесплатная экспресс диагностика планшета [brand] в [city] - цена от [cost] руб, полная комплексная диагностика планшета: сервисный центр [brand2];Диагностика планшета [brand] в [city]
планшет;zamena-wifi;Замена Wi-Fi модуля@Замена WiFi@Ремонт WiFi платы@Замена Wi-Fi;Замена вай фай модуля планшета [brand] в [city] - цена от [cost] руб, замена wi-fi платы планшета: сервисный центр [brand2];Замена wifi модуля планшета [brand] в [city]
планшет;zamena-displeya;Замена дисплея@Замена экрана@Замена тачскрина@Замена сенсорного стекла@Замена модуля экрана@Замена модуля дисплея;Замена экрана, тачскрина планшета [brand] в [city] - цена от [cost] руб, ремонт дисплея, сенсора, матрицы планшета: сервисный центр [brand2];Замена стекла, экрана планшета [brand] в [city]
планшет;remont-tsepi-pitaniya;Ремонт цепи питания@Ремонт цепи питания платы@Ремонт цепи питания материнской платы@Замена элементов цепи питания;Замена элементов цепи питания планшета [brand] в [city] - цена от [cost] руб, ремонт цепи питания материнской платы планшета: сервисный центр [brand2];Ремонт цепи питания планшета [brand] в [city]
планшет;zamena-materinskoy-platy;Замена материнской платы@Замена системной платы@Замена платы@Ремонт материнской платы;Замена системной платы планшета [brand] в [city] - цена от [cost] руб, замена микросхемы планшета: сервисный центр [brand2];Замена материнской платы планшета [brand] в [city]
планшет;chistka-plansheta;Чистка@Чистка от пыли@Полная чистка@Комплексная чистка;Комплексная чистка планшета [brand] в [city] - цена от [cost] руб, полная чистка планшета: сервисный центр [brand2];Чистка от пыли планшета [brand] в [city]
планшет;zamena-multikontrollera;Замена мультиконтроллера@Ремонт мультиконтроллера@Замена контроллера управления@Замена контроллера платы;Замена контроллера питания, заряда планшета [brand] в [city] - цена от [cost] руб, поменять контроллер управления, тачскрина, мультиконтроллер планшета: сервисный центр [brand2];Замена контроллера планшета [brand] в [city]
планшет;zamena-usb;Замена разъема USB@Замена порта USB@Замена USB@Ремонт разъема USB@Ремонт портов USB@Ремонт USB;Замена usb разъема на планшете [brand] в [city] - цена от [cost] руб, ремонт разъема usb планшета: сервисный центр [brand2];Замена usb разъема планшета [brand] в [city]
планшет;zamena-shleyfa;Замена шлейфа@Ремонт шлейфа@Замена шлейфа платы@Ремонт шлейфа платы;Замена шлейфа зарядки, кнопки громкости планшета [brand] в [city] - цена от [cost] руб, ремонт нижнего, верхнего, шлейфа дисплея планшета: сервисный центр [brand2];Замена шлейфа планшета [brand] в [city]
планшет;zamena-batarei;Замена аккумуляторной батареи@Замена батареи@Замена аккумулятора@Замена АКБ;Замена батареи планшета [brand] в [city] - цена от [cost] руб, поменять аккумулятор (акб) планшета: сервисный центр [brand2];Замена аккумулятора планшета [brand] в [city]
планшет;zamena-gnezda-pitaniya;Замена гнезда питания@Замена разъема питания@Ремонт гнезда питания@Ремонт разъема питания@Замена разъема зарядки;Замена разъема для зарядки планшета [brand] в [city] - цена от [cost] руб, ремонт разъема питания планшета: сервисный центр [brand2];Замена гнезда для зарядки планшета [brand] в [city]
планшет;zamena-kamery;Замена камеры@Замена встроенной камеры@Ремонт камеры@Замена фронтальной камеры;Ремонт камеры планшета [brand] в [city] - цена от [cost] руб, замена фронтальной и задней камеры планшета: сервисный центр [brand2];Замена камеры планшета [brand] в [city]
планшет;zamena-mikrofona;Замена микрофона@Замена встроенного микрофона@Ремонт микрофона@Ремонт встроенного микрофона;Замена микрофона планшета [brand] в [city] - цена от [cost] руб, замена встроенного микрофона планшета: сервисный центр [brand2];Ремонт микрофона планшета [brand] в [city]
планшет;zamena-korpusa;Замена корпуса@Ремонт корпуса@Восстановление корпуса@Ремонт корпусных элементов;Ремонт корпуса планшета [brand] в [city] - цена от [cost] руб, замена и ремонт корпуса планшета: сервисный центр [brand2];Замена корпуса планшета [brand] в [city]
планшет;zamena-dinamika;Замена динамика@Замена слухового динамика@Ремонт динамика@Ремонт полифонического динамика;Ремонт динамика планшета [brand] в [city] - цена от [cost] руб, поменять динамик планшета: сервисный центр [brand2];Замена динамиков планшета [brand] в [city]
планшет;zamena-zadney-kryshki;Замена задней крышки@Замена заднего стекла@Замена крышки@Замена задней панели;Замена задней крышки планшета [brand] в [city] - цена от [cost] руб, заменить заднюю панель, стекло планшета: сервисный центр [brand2];Замена крышки планшета [brand] в [city]
планшет;zamena-derzhatelya-sim;Замена держателя сим@Замена сим холдера@Замена sim-holder@Замена сим лотка@Ремонт держателя сим@Ремонт сим лотка;Замена сим коннектора планшета [brand] в [city] - цена от [cost] руб, ремонт слота для сим карты планшета: сервисный центр [brand2];Замена слота для сим карты планшета [brand] в [city]
планшет;zamena-knopki-vklyucheniya;Замена кнопки включения@Замена кнопки@Ремонт кнопки включения@Ремонт кнопки;Замена кнопки включения планшета [brand] в [city] - цена от [cost] руб, ремонт кнопки блокировки, питания планшета: сервисный центр [brand2];Замена кнопки планшета [brand] в [city]
планшет;zamena-gps;Замена GPS@Замена модуля GPS@Ремонт GPS@Ремонт GPS модуля@Замена платы GPS@Ремонт платы GPS;Замена модуля GPS планшета [brand] в [city] - цена от [cost] руб, ремонт GPS планшета: сервисный центр [brand2];Замена GPS планшета [brand] в [city]
смартфон;diagnostika;Диагностика@Программная диагностика@Комплексная диагностика@Полная диагностика@Экспресс диагностика;Диагностика [brand] в [city] - цена от [cost] руб??, бесплатная диагностика: сервисный центр [brand2];Диагностика [brand] в [city]
смартфон;zamena-wifi;Замена Wi-Fi модуля@Замена WiFi@Ремонт WiFi платы@Замена Wi-Fi;Замена wifi модуля [brand] в [city] - цена от [cost] руб??, замена wi fi модуля: сервисный центр [brand2];Замена wifi модуля [brand] в [city]
смартфон;zamena-displeya;Замена дисплея@Замена экрана@Замена тачскрина@Замена сенсорного стекла@Замена модуля экрана@Замена модуля дисплея;Замена экрана [brand] в [city] - цена от [cost] руб??, замена стекла, модуля дисплея, тачскрина, матрицы: сервисный центр [brand2];Замена экрана [brand] в [city]
смартфон;remont-tsepi-pitaniya;Ремонт цепи питания@Ремонт цепи питания платы@Ремонт цепи питания материнской платы@Замена элементов цепи питания;Ремонт цепи питания платы [brand] в [city] - цена от [cost] руб??, ремонт цепи питания материнской платы: сервисный центр [brand2];Ремонт цепи питания платы [brand] в [city]
смартфон;zamena-materinskoy-platy;Замена материнской платы@Замена системной платы@Замена платы@Ремонт материнской платы;Замена материнской платы [brand] в [city] - цена от [cost] руб??, замена микросхемы питания, памяти, системной платы: сервисный центр [brand2];Замена материнской платы [brand] в [city]
смартфон;chistka-telefona;Чистка@Чистка от пыли@Полная чистка@Комплексная чистка;Чистка от пыли: [brand] в [city] - цена от [cost] руб??, чистка от грязи пыли: сервисный центр [brand2];Чистка [brand] от пыли в [city]
смартфон;zamena-multikontrollera;Замена мультиконтроллера@Ремонт мультиконтроллера@Замена контроллера управления@Замена контроллера платы;Замена контроллера у [brand] в [city] - цена от [cost] руб??, ремонт контроллера питания, тачскрина, заряда: сервисный центр [brand2];Замена контроллера [brand] в [city]
смартфон;zamena-usb;Замена разъема USB@Замена порта USB@Замена USB@Ремонт разъема USB@Ремонт портов USB@Ремонт USB;Замена usb разъема [brand] в [city] - цена от [cost] руб??, ремонт usb разъема: сервисный центр [brand2];Замена usb разъема [brand] в [city]
смартфон;zamena-shleyfa;Замена шлейфа@Ремонт шлейфа@Замена шлейфа платы@Ремонт шлейфа платы;Замена шлейфа [brand] в [city] - цена от [cost] руб??, ремонт шлейфа (нижнего, микрофона, громкости, камеры): сервисный центр [brand2];Замена шлейфа [brand] в [city]
смартфон;zamena-batarei;Замена аккумуляторной батареи@Замена батареи@Замена аккумулятора@Замена АКБ;Замена аккумулятора [brand] в [city] - цена от [cost] руб??, замена батареи: сервисный центр [brand2];Замена аккумулятора [brand] в [city]
смартфон;zamena-gnezda-pitaniya;Замена гнезда питания@Замена разъема питания@Ремонт гнезда питания@Ремонт разъема питания@Замена разъема зарядки;Замена гнезда для зарядки [brand] в [city] - цена от [cost] руб??, замена разъема зарядки: сервисный центр [brand2];Замена гнезда для зарядки [brand] в [city]
смартфон;zamena-kamery;Замена камеры@Замена встроенной камеры@Ремонт камеры@Замена фронтальной камеры;Замена камеры [brand] в [city] - цена от [cost] руб??, ремонт камеры (основной задней и фронтальной): сервисный центр [brand2];Замена камеры [brand] в [city]
смартфон;zamena-mikrofona;Замена микрофона@Замена встроенного микрофона@Ремонт микрофона@Ремонт встроенного микрофона;Замена микрофона [brand] в [city] - цена от [cost] руб??, ремонт микрофона: сервисный центр [brand2];Замена микрофона [brand] в [city]
смартфон;zamena-korpusa;Замена корпуса@Ремонт корпуса@Восстановление корпуса@Ремонт корпусных элементов;Замена корпуса [brand] в [city] - цена от [cost] руб??, поменять корпус: сервисный центр [brand2];Замена корпуса [brand] в [city]
смартфон;zamena-dinamika;Замена динамика@Замена слухового динамика@Ремонт динамика@Ремонт полифонического динамика;Замена динамика [brand] в [city] - цена от [cost] руб??, ремонт слухового (разговорного) динамика: сервисный центр [brand2];Замена динамика [brand] в [city]
смартфон;zamena-zadney-kryshki;Замена задней крышки@Замена заднего стекла@Замена крышки@Замена задней панели;Замена задней крышки [brand] в [city] - цена от [cost] руб??, замена задней панели: сервисный центр [brand2];Замена задней крышки [brand] в [city]
смартфон;zamena-derzhatelya-sim;Замена держателя сим@Замена сим холдера@Замена sim-holder@Замена сим лотка@Ремонт держателя сим@Ремонт сим лотка;Замена слота сим карты [brand] в [city] - цена от [cost] руб??, замена сим коннектора: сервисный центр [brand2];Замена слота сим карты [brand] в [city]
смартфон;zamena-knopki-vklyucheniya;Замена кнопки включения@Замена кнопки@Ремонт кнопки включения@Ремонт кнопки;Замена кнопки у [brand] в [city] - цена от [cost] руб??, ремонт кнопки включения, блокировки,верхней кнопки: сервисный центр [brand2];Замена кнопки [brand] в [city]
смартфон;zamena-gps;Замена GPS@Замена модуля GPS@Ремонт GPS@Ремонт GPS модуля@Замена платы GPS@Ремонт платы GPS;Замена модуля gps [brand] в [city] - цена от [cost] руб??, ремонт gps: сервисный центр [brand2];Замена модуля gps [brand] в [city]
смартфон;zamena-vibro;Замена вибро@Замена вибромотора@Замена модуля вибро@Ремонт вибро@Ремонт вибро модуля@Ремонт вибромотора;Ремонт вибромотора [brand] в [city] - цена от [cost] руб??, замена вибромотора: сервисный центр [brand2];Ремонт вибромотора [brand] в [city]
планшет;chistka-ot-virusov;Чистка от вирусов;Чистка от мусора планшета [brand] в [city] - цена от [cost] руб, удалить программы планшета: сервисный центр [brand2];Чистка от вирусов планшета [brand] в [city]
планшет;uvelichit-pamyat;Увеличение памяти ;Увеличить оперативную память планшета [brand] в [city] - цена от [cost] руб, увеличение памяти планшета: сервисный центр [brand2];Увеличение памяти планшета [brand] в [city]
планшет;vosstanovlenie-dannyh;Перепрошивка ;Перепрошивка, восстановление данных планшета [brand] в [city] - цена от [cost] руб, разблокировка загрузчика, восстановление bootloader, os планшета: сервисный центр [brand2];Перепрошивка планшета [brand] в [city]
планшет;zamena-antenny;Замена антенны ;Замена антенны планшета [brand] в [city] - цена от [cost] руб, замена антенного модуля планшета: сервисный центр [brand2];Замена антенны планшета [brand] в [city]
планшет;zamena-gnezda-naushnikov;Замена разъема наушников;Ремонт гнезда наушников планшета [brand] в [city] - цена от [cost] руб, замена входа для наушников планшета: сервисный центр [brand2];Замена разъема наушников планшета [brand] в [city]
планшет;zamena-knopki-gromkosti;Замена кнопки громкости;Ремонт кнопки громкости планшета [brand] в [city] - цена от [cost] руб, замена кнопки звука планшета: сервисный центр [brand2];Замена кнопки громкости планшета [brand] в [city]
планшет;zamena-pamyati;Замена памяти ;Замена флеш памяти планшета [brand] в [city] - цена от [cost] руб, замена модуля памяти, слота планшета: сервисный центр [brand2];Замена памяти планшета [brand] в [city]
смартфон;pereproshivka-vosstanovlenie;Перепрошивка;Перепрошивка [brand] в [city] - цена от [cost] руб??, разблокировка загрузчика, восстановление системы, данных, прошивки: сервисный центр [brand2];Перепрошивка [brand] в [city]
смартфон;vosstanovlenie-posle-popadaniya-vody;Ремонт после падения в воду;[brand] - ремонт после падения в воду в [city] - цена от [cost] руб??, восстановление после воды: сервисный центр [brand2];Ремонт [brand] после падения в воду в [city]
смартфон;zamena-antennogo-modulya;Замена антенны ;Замена антенны [brand] в [city] - цена от [cost] руб??, замена антенного модуля: сервисный центр [brand2];Замена антенны [brand] в [city]
смартфон;zamena-gnezda-naushnikov;Замена разъема наушников;Замена разъема наушников [brand] в [city] - цена от [cost] руб??, ремонт гнезда наушников: сервисный центр [brand2];Замена разъема наушников [brand] в [city]
смартфон;zamena-datchika-priblizheniya;Замена датчика приближения;Замена датчика приближения [brand] в [city] - цена от [cost] руб??, ремонт датчика приближения: сервисный центр [brand2];Замена датчика приближения [brand] в [city]
смартфон;zamena-zadnego-stekla;Замена заднего стекла;Замена заднего стекла [brand] в [city] - цена от [cost] руб??, поменять заднее стекло: сервисный центр [brand2];Замена заднего стекла [brand] в [city]
смартфон;zamena-knopki-gromkosti;Замена кнопки громкости;Замена кнопки громкости [brand] в [city] - цена от [cost] руб??, ремонт кнопки громкости: сервисный центр [brand2];Замена кнопки громкости [brand] в [city]
смартфон;zamena-modema;Замена модема;Замена модема [brand] в [city] - цена от [cost] руб??, ремонт модема: сервисный центр [brand2];Замена модема [brand] в [city]
смартфон;zamena-pamyati;Замена памяти;Замена памяти [brand] в [city] - цена от [cost] руб??, замена флеш памяти: сервисный центр [brand2];Замена памяти [brand] в [city]
смартфон;zamena-sistemnogo-razema;Замена системного разъема;Замена системного разъема [brand] в [city] - цена от [cost] руб??, : сервисный центр [brand2];Замена системного разъема [brand] в [city]
смартфон;zamena-skanera-otpechatkov-palcev;Замена сканера отпечатка пальца;Замена сканера отпечатка пальца [brand] в [city] - цена от [cost] руб??, замена сканера отпечатков пальцев: сервисный центр [brand2];Замена сканера отпечатка пальца [brand] в [city]
смартфон;zamenit-steklo-kamery;Замена стекла камеры;Замена стекла камеры [brand] в [city] - цена от [cost] руб??, замена стекла задней камеры, фронтальной: сервисный центр [brand2];Замена стекла камеры [brand] в [city]
смартфон;razlochka;Разлочка (unlock);Разлочка (unlock) [brand] в [city] - цена от [cost] руб??, джейлбрейк  (Jailbreak): сервисный центр [brand2];Разлочка (unlock) [brand] в [city]
смартфон;rusifikaciya;Русификация;Русификация [brand] в [city] - цена от [cost] руб??, русификация: сервисный центр [brand2];Русификация [brand] в [city]
смартфон;uvelichenie-pamyati;Увеличение памяти;Увеличение памяти [brand] в [city] - цена от [cost] руб??, увеличить память: сервисный центр [brand2];Увеличение памяти [brand] в [city]
смартфон;chistka-dinamika;Чистка динамика;Чистка динамика [brand] в [city] - цена от [cost] руб??, чистка разговорного динамика: сервисный центр [brand2];Чистка динамика [brand] в [city]
смартфон;chistka-kamery;Чистка камеры от пыли;Чистка камеры от пыли [brand] в [city] - цена от [cost] руб??, чистка камеры от пыли (фронтальной и задней): сервисный центр [brand2];Чистка камеры от пыли [brand] в [city]
ноутбук;zamena_diska_na_ssd;Замена диска на ssd;Замена ssd на ноутбуке[brand] в [city] - цена от [cost] руб??, установка ssd: сервисный центр [brand2];Замена hdd на ssd в на ноутбуке [brand] в [city]
ноутбук;gravirovka_klaviatury;Гравировка клавиатуры;Лазерная гравировка клавиатуры  на ноутбуке [brand] в [city] - цена от [cost] руб??, русификация клавиатуры: сервисный центр [brand2];Гравировка клавиатуры на ноутбуке [brand] в [city]
ноутбук;zamena_batareyki_na_materinskoy_plate;Замена батарейки на материнской плате;Замена батарейки bios в ноутбуке на ноутбуке [brand] в [city] - цена от [cost] руб??, поменять батарею питания биос: сервисный центр [brand2];Замена батарейки на материнской плате на ноутбуке [brand] в [city]
ноутбук;zamena_korpusa;Замена корпуса;Ремонт корпуса на ноутбуке [brand] в [city] - цена от [cost] руб??, ремонт крышки: сервисный центр [brand2];Замена корпуса на ноутбуке [brand] в [city]
ноутбук;zamena_petel;Замена петель;Замена петель на ноутбуке [brand] в [city] - цена от [cost] руб??, восстановление петель: сервисный центр [brand2];Ремонт петель  на ноутбуке [brand] в [city]
ноутбук;zamena_termopasty;Замена термопасты;Замена термопасты на ноутбуке [brand] в [city] - цена от [cost] руб??, поменять термо пасту: сервисный центр [brand2];Замена термопасты на ноутбуке [brand] в [city]
ноутбук;chistka_ot_pyli_i_zamena_termopasty;Чистка от пыли и замена термопасты;Чистка ноутбука [brand] от пыли и замена термопасты в [city] - цена??, разбор и чистка системы охлаждения (кулера): сервисный центр [brand2];Чистка ноутбука [brand] от пыли и замена термопасты в [city]
ноутбук;zamena_videochipa;Замена видеочипа;Ремонт видео чипа на ноутбуке [brand] в [city] - цена от [cost] руб??, поменять графический чип: сервисный центр [brand2];Замена видеочипа на ноутбуке [brand] в [city]
ноутбук;zamena_processora;Замена процессора;Поменять процессор на ноутбуке [brand] в [city] - цена от [cost] руб??, апгрейд процессора: сервисный центр [brand2];Замена процессора на ноутбуке [brand] в [city]
ноутбук;remont_zalitogo_noutbuka;Ремонт залитого ноутбука;Ремонт ноутбука [brand] после залития в [city] - цена от [cost] руб??, ремонт ноутбуков залитых водой: сервисный центр [brand2];Ремонт залитого ноутбука [brand] в [city]
ноутбук;remont_modulya_hdmi;Ремонт модуля HDMI;Ремонт модуля HDMI на ноутбуке [brand] в [city] - цена от [cost] руб??, Замена модуля HDMI: сервисный центр [brand2];Ремонт модуля HDMI на ноутбуке [brand] в [city]
ноутбук;sbros_parolya_bios;Сброс пароля биос;Снятие пароля биос на ноутбуке [brand] в [city] - цена от [cost] руб??, сброс пароля BIOS: сервисный центр [brand2];Сброс пароля биос на ноутбуке [brand] в [city]
